"lexSet_ord","ageGroup","sex","measurement.no","preSeg","dur","id","word","fit","se.fit"
"hole","Old","Female",0,"none",0.100166666666667,"D58A_FO","OLD",1050.13950245882,69.4825453444137
"holy","Old","Female",0,"none",0.100166666666667,"D58A_FO","OLD",888.95748584367,163.37763202638
"hole","Young","Female",0,"none",0.100166666666667,"D58A_FO","OLD",1201.27438270061,96.8565775432965
"holy","Young","Female",0,"none",0.100166666666667,"D58A_FO","OLD",1040.09236608546,179.168216980188
"hole","Old","Male",0,"none",0.100166666666667,"D58A_FO","OLD",1445.42157304796,99.2734852423166
"holy","Old","Male",0,"none",0.100166666666667,"D58A_FO","OLD",1284.23955643281,177.540768074645
"hole","Young","Male",0,"none",0.100166666666667,"D58A_FO","OLD",1596.55645328974,118.449057639397
"holy","Young","Male",0,"none",0.100166666666667,"D58A_FO","OLD",1435.37443667459,191.183957317266
"hole","Old","Female",2.04081632653061,"none",0.100166666666667,"D58A_FO","OLD",1048.5001590693,66.7130455233341
"holy","Old","Female",2.04081632653061,"none",0.100166666666667,"D58A_FO","OLD",893.249936677545,157.69144503908
"hole","Young","Female",2.04081632653061,"none",0.100166666666667,"D58A_FO","OLD",1200.6217399972,93.465300842621
"holy","Young","Female",2.04081632653061,"none",0.100166666666667,"D58A_FO","OLD",1045.37151760544,173.132706502158
"hole","Old","Male",2.04081632653061,"none",0.100166666666667,"D58A_FO","OLD",1434.42724027844,95.7838725097841
"holy","Old","Male",2.04081632653061,"none",0.100166666666667,"D58A_FO","OLD",1279.17701788668,171.41888380191
"hole","Young","Male",2.04081632653061,"none",0.100166666666667,"D58A_FO","OLD",1586.54882120634,114.439932827965
"holy","Young","Male",2.04081632653061,"none",0.100166666666667,"D58A_FO","OLD",1431.29859881458,184.741960366987
"hole","Old","Female",4.08163265306122,"none",0.100166666666667,"D58A_FO","OLD",1046.77596080627,64.1181274659826
"holy","Old","Female",4.08163265306122,"none",0.100166666666667,"D58A_FO","OLD",897.457532663073,152.121234297154
"hole","Young","Female",4.08163265306122,"none",0.100166666666667,"D58A_FO","OLD",1199.88424276802,90.2179581757101
"holy","Young","Female",4.08163265306122,"none",0.100166666666667,"D58A_FO","OLD",1050.56581462482,167.216143436829
"hole","Old","Male",4.08163265306122,"none",0.100166666666667,"D58A_FO","OLD",1423.34805245223,92.4347784116557
"holy","Old","Male",4.08163265306122,"none",0.100166666666667,"D58A_FO","OLD",1274.02962430903,165.411407800055
"hole","Young","Male",4.08163265306122,"none",0.100166666666667,"D58A_FO","OLD",1576.45633441398,110.561061688251
"holy","Young","Male",4.08163265306122,"none",0.100166666666667,"D58A_FO","OLD",1427.13790627078,178.417255124508
"hole","Old","Female",6.12244897959184,"none",0.100166666666667,"D58A_FO","OLD",1044.88205279619,61.6842674151514
"holy","Old","Female",6.12244897959184,"none",0.100166666666667,"D58A_FO","OLD",901.495418951911,146.66520451079
"hole","Young","Female",6.12244897959184,"none",0.100166666666667,"D58A_FO","OLD",1198.97703648729,87.1055139473291
"holy","Young","Female",6.12244897959184,"none",0.100166666666667,"D58A_FO","OLD",1055.59040264301,161.417995040002
"hole","Old","Male",6.12244897959184,"none",0.100166666666667,"D58A_FO","OLD",1412.09915451261,89.2173994719884
"holy","Old","Male",6.12244897959184,"none",0.100166666666667,"D58A_FO","OLD",1268.71252066832,159.517441414237
"hole","Young","Male",6.12244897959184,"none",0.100166666666667,"D58A_FO","OLD",1566.1941382037,106.806101039802
"holy","Young","Male",6.12244897959184,"none",0.100166666666667,"D58A_FO","OLD",1422.80750435942,172.209982757047
"hole","Old","Female",8.16326530612245,"none",0.100166666666667,"D58A_FO","OLD",1042.73358016557,59.3719358695585
"holy","Old","Female",8.16326530612245,"none",0.100166666666667,"D58A_FO","OLD",905.27874069571,141.311600384995
"hole","Young","Female",8.16326530612245,"none",0.100166666666667,"D58A_FO","OLD",1197.81526662925,84.1010890748517
"holy","Young","Female",8.16326530612245,"none",0.100166666666667,"D58A_FO","OLD",1060.36042715939,155.728840053822
"hole","Old","Male",8.16326530612245,"none",0.100166666666667,"D58A_FO","OLD",1400.59569140289,86.1055454790168
"holy","Old","Male",8.16326530612245,"none",0.100166666666667,"D58A_FO","OLD",1263.14085193303,153.72705708941
"hole","Young","Male",8.16326530612245,"none",0.100166666666667,"D58A_FO","OLD",1555.67737786657,103.154425891499
"holy","Young","Male",8.16326530612245,"none",0.100166666666667,"D58A_FO","OLD",1418.22253839671,166.112057077744
"hole","Old","Female",10.2040816326531,"none",0.100166666666667,"D58A_FO","OLD",1040.24568349823,57.1289463988667
"holy","Old","Female",10.2040816326531,"none",0.100166666666667,"D58A_FO","OLD",908.722638503396,136.044357744138
"hole","Young","Female",10.2040816326531,"none",0.100166666666667,"D58A_FO","OLD",1196.31407412545,81.1695813669293
"holy","Young","Female",10.2040816326531,"none",0.100166666666667,"D58A_FO","OLD",1064.79102913062,150.135570485728
"hole","Old","Male",10.2040816326531,"none",0.100166666666667,"D58A_FO","OLD",1388.75280352371,83.0649986149789
"holy","Old","Male",10.2040816326531,"none",0.100166666666667,"D58A_FO","OLD",1257.22975852888,148.0265178432
"hole","Young","Male",10.2040816326531,"none",0.100166666666667,"D58A_FO","OLD",1544.82119415094,99.5789837862878
"holy","Young","Male",10.2040816326531,"none",0.100166666666667,"D58A_FO","OLD",1413.29814915611,160.11204773598
"hole","Old","Female",12.2448979591837,"none",0.100166666666667,"D58A_FO","OLD",1037.32747529173,54.9220708490481
"holy","Old","Female",12.2448979591837,"none",0.100166666666667,"D58A_FO","OLD",911.736224783845,130.856365507799
"hole","Young","Female",12.2448979591837,"none",0.100166666666667,"D58A_FO","OLD",1194.3825717975,78.2899255261952
"holy","Young","Female",12.2448979591837,"none",0.100166666666667,"D58A_FO","OLD",1068.79132128962,144.633451274007
"hole","Old","Male",12.2448979591837,"none",0.100166666666667,"D58A_FO","OLD",1376.47960317912,80.0752421717345
"holy","Old","Male",12.2448979591837,"none",0.100166666666667,"D58A_FO","OLD",1250.88835267124,142.410486127509
"hole","Young","Male",12.2448979591837,"none",0.100166666666667,"D58A_FO","OLD",1533.5346996849,96.0644278052309
"holy","Young","Male",12.2448979591837,"none",0.100166666666667,"D58A_FO","OLD",1407.94344917702,154.20650018961
"hole","Old","Female",14.2857142857143,"none",0.100166666666667,"D58A_FO","OLD",1033.87015640516,52.7660460817773
"holy","Old","Female",14.2857142857143,"none",0.100166666666667,"D58A_FO","OLD",914.210699969434,125.76170353807
"hole","Young","Female",14.2857142857143,"none",0.100166666666667,"D58A_FO","OLD",1191.91196075814,75.4751981648472
"holy","Young","Female",14.2857142857143,"none",0.100166666666667,"D58A_FO","OLD",1072.25250432242,139.237150573525
"hole","Old","Male",14.2857142857143,"none",0.100166666666667,"D58A_FO","OLD",1363.66729100404,77.1491534973842
"holy","Old","Male",14.2857142857143,"none",0.100166666666667,"D58A_FO","OLD",1244.00783456832,136.893283246966
"hole","Young","Male",14.2857142857143,"none",0.100166666666667,"D58A_FO","OLD",1521.70909535703,92.6235021454252
"holy","Young","Male",14.2857142857143,"none",0.100166666666667,"D58A_FO","OLD",1402.0496389213,148.410310849931
"hole","Old","Female",16.3265306122449,"none",0.100166666666667,"D58A_FO","OLD",1029.76161611141,50.681016086832
"holy","Old","Female",16.3265306122449,"none",0.100166666666667,"D58A_FO","OLD",916.033952843835,120.777915235392
"hole","Young","Female",16.3265306122449,"none",0.100166666666667,"D58A_FO","OLD",1188.79013052089,72.7424438946515
"holy","Young","Female",16.3265306122449,"none",0.100166666666667,"D58A_FO","OLD",1075.06246725332,133.964621891878
"hole","Old","Male",16.3265306122449,"none",0.100166666666667,"D58A_FO","OLD",1350.20375604152,74.3035706067752
"holy","Old","Male",16.3265306122449,"none",0.100166666666667,"D58A_FO","OLD",1236.47609277395,131.492617099738
"hole","Young","Male",16.3265306122449,"none",0.100166666666667,"D58A_FO","OLD",1509.232270451,89.2724709149076
"holy","Young","Male",16.3265306122449,"none",0.100166666666667,"D58A_FO","OLD",1395.50460718343,142.741651832704
"hole","Old","Female",18.3673469387755,"none",0.100166666666667,"D58A_FO","OLD",1024.88974368879,48.6660812531535
"holy","Old","Female",18.3673469387755,"none",0.100166666666667,"D58A_FO","OLD",917.093872196157,115.915110848271
"hole","Young","Female",18.3673469387755,"none",0.100166666666667,"D58A_FO","OLD",1184.90497060471,70.0942727480138
"holy","Young","Female",18.3673469387755,"none",0.100166666666667,"D58A_FO","OLD",1077.10909911207,128.827281864681
"hole","Old","Male",18.3673469387755,"none",0.100166666666667,"D58A_FO","OLD",1335.97688734004,71.5412963377946
"holy","Old","Male",18.3673469387755,"none",0.100166666666667,"D58A_FO","OLD",1228.1810158474,126.219606983221
"hole","Young","Male",18.3673469387755,"none",0.100166666666667,"D58A_FO","OLD",1495.99211425595,86.016167547979
"holy","Young","Male",18.3673469387755,"none",0.100166666666667,"D58A_FO","OLD",1388.19624276331,137.212788059601
"hole","Old","Female",20.4081632653061,"none",0.100166666666667,"D58A_FO","OLD",1019.14265830906,46.6960740609782
"holy","Old","Female",20.4081632653061,"none",0.100166666666667,"D58A_FO","OLD",917.27857670771,111.174813566547
"hole","Young","Female",20.4081632653061,"none",0.100166666666667,"D58A_FO","OLD",1180.14460042126,67.516920828499
"holy","Young","Female",20.4081632653061,"none",0.100166666666667,"D58A_FO","OLD",1078.28051881991,123.829053674536
"hole","Old","Male",20.4081632653061,"none",0.100166666666667,"D58A_FO","OLD",1320.87480384137,68.8491591522472
"holy","Old","Male",20.4081632653061,"none",0.100166666666667,"D58A_FO","OLD",1219.01072224003,121.077769062567
"hole","Young","Male",20.4081632653061,"none",0.100166666666667,"D58A_FO","OLD",1481.87674595357,82.8464566506553
"holy","Young","Male",20.4081632653061,"none",0.100166666666667,"D58A_FO","OLD",1380.01266435222,131.829203599532
"hole","Old","Female",22.4489795918367,"none",0.100166666666667,"D58A_FO","OLD",1012.45720889275,44.7541141758803
"holy","Old","Female",22.4489795918367,"none",0.100166666666667,"D58A_FO","OLD",916.524914551567,106.56384009517
"hole","Young","Female",22.4489795918367,"none",0.100166666666667,"D58A_FO","OLD",1174.44586898052,65.0030574584043
"holy","Young","Female",22.4489795918367,"none",0.100166666666667,"D58A_FO","OLD",1078.51357463934,118.97890712727
"hole","Old","Male",22.4489795918367,"none",0.100166666666667,"D58A_FO","OLD",1304.8343542122,66.2203356130733
"holy","Old","Male",22.4489795918367,"none",0.100166666666667,"D58A_FO","OLD",1208.90205987102,116.075808578673
"hole","Young","Male",22.4489795918367,"none",0.100166666666667,"D58A_FO","OLD",1466.82301429998,79.7608570748202
"holy","Young","Male",22.4489795918367,"none",0.100166666666667,"D58A_FO","OLD",1370.8907199588,126.601407543093
"hole","Old","Female",24.4897959183673,"none",0.100166666666667,"D58A_FO","OLD",1004.87896683314,42.8679198044758
"holy","Old","Female",24.4897959183673,"none",0.100166666666667,"D58A_FO","OLD",914.878455800026,102.109817118117
"hole","Young","Female",24.4897959183673,"none",0.100166666666667,"D58A_FO","OLD",1167.85434742944,62.5766476958794
"holy","Young","Female",24.4897959183673,"none",0.100166666666667,"D58A_FO","OLD",1077.85383639633,114.304687208819
"hole","Old","Male",24.4897959183673,"none",0.100166666666667,"D58A_FO","OLD",1287.90110953852,63.6788165239674
"holy","Old","Male",24.4897959183673,"none",0.100166666666667,"D58A_FO","OLD",1197.90059850542,111.241904561126
"hole","Young","Male",24.4897959183673,"none",0.100166666666667,"D58A_FO","OLD",1450.87649013483,76.7828519027604
"holy","Young","Male",24.4897959183673,"none",0.100166666666667,"D58A_FO","OLD",1360.87597910172,121.557988138724
"hole","Old","Female",26.530612244898,"none",0.100166666666667,"D58A_FO","OLD",996.468944901515,41.0688682603888
"holy","Old","Female",26.530612244898,"none",0.100166666666667,"D58A_FO","OLD",912.400211825794,97.8442216256049
"hole","Young","Female",26.530612244898,"none",0.100166666666667,"D58A_FO","OLD",1160.43104824753,60.2643146456225
"holy","Young","Female",26.530612244898,"none",0.100166666666667,"D58A_FO","OLD",1076.36231517181,109.837753837483
"hole","Old","Male",26.530612244898,"none",0.100166666666667,"D58A_FO","OLD",1270.13608227714,61.2514330548472
"holy","Old","Male",26.530612244898,"none",0.100166666666667,"D58A_FO","OLD",1186.06734920142,106.608180535241
"hole","Young","Male",26.530612244898,"none",0.100166666666667,"D58A_FO","OLD",1434.09818562316,73.9385967727407
"holy","Young","Male",26.530612244898,"none",0.100166666666667,"D58A_FO","OLD",1350.02945254744,116.731259658713
"hole","Old","Female",28.5714285714286,"none",0.100166666666667,"D58A_FO","OLD",987.294514054436,39.3685722063507
"holy","Old","Female",28.5714285714286,"none",0.100166666666667,"D58A_FO","OLD",909.157552186841,93.7927993321089
"hole","Young","Female",28.5714285714286,"none",0.100166666666667,"D58A_FO","OLD",1152.24334209958,58.0793080764382
"holy","Young","Female",28.5714285714286,"none",0.100166666666667,"D58A_FO","OLD",1074.10638023198,105.604361908374
"hole","Old","Male",28.5714285714286,"none",0.100166666666667,"D58A_FO","OLD",1251.60664307009,58.9522018998607
"holy","Old","Male",28.5714285714286,"none",0.100166666666667,"D58A_FO","OLD",1173.4696812025,102.201979964852
"hole","Young","Male",28.5714285714286,"none",0.100166666666667,"D58A_FO","OLD",1416.55547111524,71.2439212929136
"holy","Young","Male",28.5714285714286,"none",0.100166666666667,"D58A_FO","OLD",1338.41850924764,112.149228350156
"hole","Old","Female",30.6122448979592,"none",0.100166666666667,"D58A_FO","OLD",977.426705917466,37.7546018487768
"holy","Old","Female",30.6122448979592,"none",0.100166666666667,"D58A_FO","OLD",905.221507106274,89.973871296431
"hole","Young","Female",30.6122448979592,"none",0.100166666666667,"D58A_FO","OLD",1143.36226031786,56.0189835062233
"holy","Young","Female",30.6122448979592,"none",0.100166666666667,"D58A_FO","OLD",1071.15706150667,101.62420819864
"hole","Old","Male",30.6122448979592,"none",0.100166666666667,"D58A_FO","OLD",1232.38382323011,56.7797156957694
"holy","Old","Male",30.6122448979592,"none",0.100166666666667,"D58A_FO","OLD",1160.17862441892,98.0443354527443
"hole","Young","Male",30.6122448979592,"none",0.100166666666667,"D58A_FO","OLD",1398.31937763051,68.702255819873
"holy","Young","Male",30.6122448979592,"none",0.100166666666667,"D58A_FO","OLD",1326.11417881931,107.834230085999
"hole","Old","Female",32.6530612244898,"none",0.100166666666667,"D58A_FO","OLD",966.96651222228,36.2269455181431
"holy","Old","Female",32.6530612244898,"none",0.100166666666667,"D58A_FO","OLD",900.693066613156,86.4136163576412
"hole","Young","Female",32.6530612244898,"none",0.100166666666667,"D58A_FO","OLD",1133.88879422342,54.0896908635353
"holy","Young","Female",32.6530612244898,"none",0.100166666666667,"D58A_FO","OLD",1067.61534861429,97.9239823868272
"hole","Old","Male",32.6530612244898,"none",0.100166666666667,"D58A_FO","OLD",1212.56861430288,54.7415754326671
"holy","Old","Male",32.6530612244898,"none",0.100166666666667,"D58A_FO","OLD",1146.29516869375,94.163997647211
"hole","Young","Male",32.6530612244898,"none",0.100166666666667,"D58A_FO","OLD",1379.49089630402,66.3248776316442
"holy","Young","Male",32.6530612244898,"none",0.100166666666667,"D58A_FO","OLD",1313.21745069489,103.815692085821
"hole","Old","Female",34.6938775510204,"none",0.100166666666667,"D58A_FO","OLD",956.065663302511,34.8290186833528
"holy","Old","Female",34.6938775510204,"none",0.100166666666667,"D58A_FO","OLD",895.723958829728,83.1588679293986
"hole","Young","Female",34.6938775510204,"none",0.100166666666667,"D58A_FO","OLD",1123.97467354036,52.3271039286108
"holy","Young","Female",34.6938775510204,"none",0.100166666666667,"D58A_FO","OLD",1063.63296906758,94.5484356339823
"hole","Old","Male",34.6938775510204,"none",0.100166666666667,"D58A_FO","OLD",1192.31274665108,52.8745720723043
"holy","Old","Male",34.6938775510204,"none",0.100166666666667,"D58A_FO","OLD",1131.9710421783,90.6091687798177
"hole","Young","Male",34.6938775510204,"none",0.100166666666667,"D58A_FO","OLD",1360.22175688893,64.147448444601
"holy","Young","Male",34.6938775510204,"none",0.100166666666667,"D58A_FO","OLD",1299.88005241615,100.140602851774
"hole","Old","Female",36.734693877551,"none",0.100166666666667,"D58A_FO","OLD",944.88080435346,33.6019581389255
"holy","Old","Female",36.734693877551,"none",0.100166666666667,"D58A_FO","OLD",890.470826690621,80.2574091577554
"hole","Young","Female",36.734693877551,"none",0.100166666666667,"D58A_FO","OLD",1113.77654283519,50.7649545447473
"holy","Young","Female",36.734693877551,"none",0.100166666666667,"D58A_FO","OLD",1059.36656517235,91.5427124325936
"hole","Old","Male",36.734693877551,"none",0.100166666666667,"D58A_FO","OLD",1171.77286551992,51.2139161631281
"holy","Old","Male",36.734693877551,"none",0.100166666666667,"D58A_FO","OLD",1117.36288785708,87.4293758955202
"hole","Young","Male",36.734693877551,"none",0.100166666666667,"D58A_FO","OLD",1340.66860400165,62.2044317493772
"holy","Young","Male",36.734693877551,"none",0.100166666666667,"D58A_FO","OLD",1286.25862633881,96.8568497609756
"hole","Old","Female",38.7755102040816,"none",0.100166666666667,"D58A_FO","OLD",933.568580604365,32.5603600386114
"holy","Old","Female",38.7755102040816,"none",0.100166666666667,"D58A_FO","OLD",885.090313164397,77.7469738419511
"hole","Young","Female",38.7755102040816,"none",0.100166666666667,"D58A_FO","OLD",1103.45104670834,49.4190151999669
"holy","Young","Female",38.7755102040816,"none",0.100166666666667,"D58A_FO","OLD",1054.97277926837,88.9426454345417
"hole","Old","Male",38.7755102040816,"none",0.100166666666667,"D58A_FO","OLD",1151.10561618851,49.7772908899729
"holy","Old","Male",38.7755102040816,"none",0.100166666666667,"D58A_FO","OLD",1102.62734874855,84.6652748141065
"hole","Young","Male",38.7755102040816,"none",0.100166666666667,"D58A_FO","OLD",1320.98808229249,60.5158634131239
"holy","Young","Male",38.7755102040816,"none",0.100166666666667,"D58A_FO","OLD",1272.50981485252,94.0039361594081
"hole","Old","Female",40.8163265306122,"none",0.100166666666667,"D58A_FO","OLD",922.285558243191,31.691316660974
"holy","Old","Female",40.8163265306122,"none",0.100166666666667,"D58A_FO","OLD",879.738982181174,75.6535554265268
"hole","Young","Female",40.8163265306122,"none",0.100166666666667,"D58A_FO","OLD",1093.15475071612,48.2867813123402
"holy","Young","Female",40.8163265306122,"none",0.100166666666667,"D58A_FO","OLD",1050.6081746541,86.7733630515814
"hole","Old","Male",40.8163265306122,"none",0.100166666666667,"D58A_FO","OLD",1130.46756489952,48.5643237147559
"holy","Old","Male",40.8163265306122,"none",0.100166666666667,"D58A_FO","OLD",1087.9209888375,82.3469064554525
"hole","Young","Male",40.8163265306122,"none",0.100166666666667,"D58A_FO","OLD",1301.33675737244,59.0868216697443
"holy","Young","Male",40.8163265306122,"none",0.100166666666667,"D58A_FO","OLD",1258.79018131043,91.6114313213747
"hole","Old","Female",42.8571428571429,"none",0.100166666666667,"D58A_FO","OLD",911.185230706508,30.9971899068946
"holy","Old","Female",42.8571428571429,"none",0.100166666666667,"D58A_FO","OLD",874.570325029431,74.0075708452622
"hole","Young","Female",42.8571428571429,"none",0.100166666666667,"D58A_FO","OLD",1083.04114755187,47.3755321079049
"holy","Young","Female",42.8571428571429,"none",0.100166666666667,"D58A_FO","OLD",1046.42624187479,85.0634455641457
"hole","Old","Male",42.8571428571429,"none",0.100166666666667,"D58A_FO","OLD",1110.01220533069,47.5842919854298
"holy","Old","Male",42.8571428571429,"none",0.100166666666667,"D58A_FO","OLD",1073.39729965361,80.5082617437851
"hole","Young","Male",42.8571428571429,"none",0.100166666666667,"D58A_FO","OLD",1281.86812217605,57.9300088652197
"holy","Young","Male",42.8571428571429,"none",0.100166666666667,"D58A_FO","OLD",1245.25321649897,89.7120686464226
"hole","Old","Female",44.8979591836735,"none",0.100166666666667,"D58A_FO","OLD",900.417099818145,30.5137991087909
"holy","Old","Female",44.8979591836735,"none",0.100166666666667,"D58A_FO","OLD",869.733841527484,72.8494468702794
"hole","Young","Female",44.8979591836735,"none",0.100166666666667,"D58A_FO","OLD",1073.25973815129,46.7137196126818
"holy","Young","Female",44.8979591836735,"none",0.100166666666667,"D58A_FO","OLD",1042.57647986063,83.8497258785753
"hole","Old","Male",44.8979591836735,"none",0.100166666666667,"D58A_FO","OLD",1089.88903978931,46.8674253038842
"holy","Old","Male",44.8979591836735,"none",0.100166666666667,"D58A_FO","OLD",1059.20578149865,79.1920880790436
"hole","Young","Male",44.8979591836735,"none",0.100166666666667,"D58A_FO","OLD",1262.73167812246,57.0747398440321
"holy","Young","Male",44.8979591836735,"none",0.100166666666667,"D58A_FO","OLD",1232.04841983179,88.3459797872757
"hole","Old","Female",46.9387755102041,"none",0.100166666666667,"D58A_FO","OLD",890.13040063573,30.2622200285323
"holy","Old","Female",46.9387755102041,"none",0.100166666666667,"D58A_FO","OLD",865.378764736981,72.2073305299186
"hole","Young","Female",46.9387755102041,"none",0.100166666666667,"D58A_FO","OLD",1063.95975667419,46.3191493073427
"holy","Young","Female",46.9387755102041,"none",0.100166666666667,"D58A_FO","OLD",1039.20812077544,83.1579555241142
"hole","Old","Male",46.9387755102041,"none",0.100166666666667,"D58A_FO","OLD",1070.24730383265,46.4331204960667
"holy","Old","Male",46.9387755102041,"none",0.100166666666667,"D58A_FO","OLD",1045.4956679339,78.4290246829778
"hole","Young","Male",46.9387755102041,"none",0.100166666666667,"D58A_FO","OLD",1244.07665987111,56.5405715378407
"holy","Young","Male",46.9387755102041,"none",0.100166666666667,"D58A_FO","OLD",1219.32502397237,87.5419831665906
"hole","Old","Female",48.9795918367347,"none",0.100166666666667,"D58A_FO","OLD",880.474368216892,30.2323943724318
"holy","Old","Female",48.9795918367347,"none",0.100166666666667,"D58A_FO","OLD",861.654327719569,72.0884109337892
"hole","Young","Female",48.9795918367347,"none",0.100166666666667,"D58A_FO","OLD",1055.29043728039,46.1882595641077
"holy","Young","Female",48.9795918367347,"none",0.100166666666667,"D58A_FO","OLD",1036.47039678307,82.9954324114955
"hole","Old","Male",48.9795918367347,"none",0.100166666666667,"D58A_FO","OLD",1051.23623301799,46.2790167970878
"holy","Old","Male",48.9795918367347,"none",0.100166666666667,"D58A_FO","OLD",1032.41619252066,78.229197237412
"hole","Young","Male",48.9795918367347,"none",0.100166666666667,"D58A_FO","OLD",1226.05230208148,56.3281324008894
"holy","Young","Male",48.9795918367347,"none",0.100166666666667,"D58A_FO","OLD",1207.23226158416,87.3101572706064
"hole","Old","Female",51.0204081632653,"none",0.100166666666667,"D58A_FO","OLD",871.595384712344,30.3923054990213
"holy","Old","Female",51.0204081632653,"none",0.100166666666667,"D58A_FO","OLD",858.706910657022,72.4815804085741
"hole","Young","Female",51.0204081632653,"none",0.100166666666667,"D58A_FO","OLD",1047.39816123614,46.3018165239257
"holy","Young","Female",51.0204081632653,"none",0.100166666666667,"D58A_FO","OLD",1034.50968718082,83.3533433631294
"hole","Old","Male",51.0204081632653,"none",0.100166666666667,"D58A_FO","OLD",1033.00220999987,46.3865126156598
"holy","Old","Male",51.0204081632653,"none",0.100166666666667,"D58A_FO","OLD",1020.11373594455,78.5842924270287
"hole","Young","Male",51.0204081632653,"none",0.100166666666667,"D58A_FO","OLD",1208.80498652367,56.423451154392
"holy","Young","Male",51.0204081632653,"none",0.100166666666667,"D58A_FO","OLD",1195.91651246834,87.6437258176748
"hole","Old","Female",53.0612244897959,"none",0.100166666666667,"D58A_FO","OLD",863.574215413711,30.7389920827234
"holy","Old","Female",53.0612244897959,"none",0.100166666666667,"D58A_FO","OLD",856.617277494044,73.3786079330471
"hole","Young","Female",53.0612244897959,"none",0.100166666666667,"D58A_FO","OLD",1040.36369325607,46.6580353507147
"holy","Young","Female",53.0612244897959,"none",0.100166666666667,"D58A_FO","OLD",1033.4067553364,84.2250540144788
"hole","Old","Male",53.0612244897959,"none",0.100166666666667,"D58A_FO","OLD",1015.62600067027,46.7538034871533
"holy","Old","Male",53.0612244897959,"none",0.100166666666667,"D58A_FO","OLD",1008.6690627506,79.4868735525698
"hole","Young","Male",53.0612244897959,"none",0.100166666666667,"D58A_FO","OLD",1192.41547851263,56.8249791496389
"holy","Young","Male",53.0612244897959,"none",0.100166666666667,"D58A_FO","OLD",1185.45854059296,88.5362986295847
"hole","Old","Female",55.1020408163265,"none",0.100166666666667,"D58A_FO","OLD",856.426008753529,31.2979977239406
"holy","Old","Female",55.1020408163265,"none",0.100166666666667,"D58A_FO","OLD",855.400575938267,74.7746242606606
"hole","Young","Female",55.1020408163265,"none",0.100166666666667,"D58A_FO","OLD",1034.20218150318,47.2724659043346
"holy","Young","Female",55.1020408163265,"none",0.100166666666667,"D58A_FO","OLD",1033.17674868792,85.6064648695565
"hole","Old","Male",55.1020408163265,"none",0.100166666666667,"D58A_FO","OLD",999.12275415856,47.3957940412892
"holy","Old","Male",55.1020408163265,"none",0.100166666666667,"D58A_FO","OLD",998.097321343299,80.9308682027186
"hole","Young","Male",55.1020408163265,"none",0.100166666666667,"D58A_FO","OLD",1176.89892690821,57.5435717688845
"holy","Young","Male",55.1020408163265,"none",0.100166666666667,"D58A_FO","OLD",1175.87349409295,89.9822638643485
"hole","Old","Female",57.1428571428571,"none",0.100166666666667,"D58A_FO","OLD",850.16306025742,32.0731580152016
"holy","Old","Female",57.1428571428571,"none",0.100166666666667,"D58A_FO","OLD",855.069100817454,76.6485750467991
"hole","Young","Female",57.1428571428571,"none",0.100166666666667,"D58A_FO","OLD",1028.9259212469,48.1452096358267
"holy","Young","Female",57.1428571428571,"none",0.100166666666667,"D58A_FO","OLD",1033.83196180693,87.4788903902032
"hole","Old","Male",57.1428571428571,"none",0.100166666666667,"D58A_FO","OLD",983.504766691408,48.3114149256757
"holy","Old","Male",57.1428571428571,"none",0.100166666666667,"D58A_FO","OLD",988.410807251442,82.8937049269297
"hole","Young","Male",57.1428571428571,"none",0.100166666666667,"D58A_FO","OLD",1162.26762768089,58.5757404610818
"holy","Young","Male",57.1428571428571,"none",0.100166666666667,"D58A_FO","OLD",1167.17366824092,91.9606945185979
"hole","Old","Female",59.1836734693878,"none",0.100166666666667,"D58A_FO","OLD",844.797665451005,33.0392200179635
"holy","Old","Female",59.1836734693878,"none",0.100166666666667,"D58A_FO","OLD",855.635146959364,78.9621740702339
"hole","Young","Female",59.1836734693878,"none",0.100166666666667,"D58A_FO","OLD",1024.54720775668,49.255853624918
"holy","Young","Female",59.1836734693878,"none",0.100166666666667,"D58A_FO","OLD",1035.38468926504,89.80790220872
"hole","Old","Male",59.1836734693878,"none",0.100166666666667,"D58A_FO","OLD",968.78433449547,49.4787193782958
"holy","Old","Male",59.1836734693878,"none",0.100166666666667,"D58A_FO","OLD",979.621816003829,85.3356118649181
"hole","Young","Male",59.1836734693878,"none",0.100166666666667,"D58A_FO","OLD",1148.53387680114,59.8997386352775
"holy","Young","Male",59.1836734693878,"none",0.100166666666667,"D58A_FO","OLD",1159.3713583095,94.4345645297711
"hole","Old","Female",61.2244897959184,"none",0.100166666666667,"D58A_FO","OLD",840.337991644159,34.1586915386876
"holy","Old","Female",61.2244897959184,"none",0.100166666666667,"D58A_FO","OLD",857.10688102939,81.6690723155283
"hole","Young","Female",61.2244897959184,"none",0.100166666666667,"D58A_FO","OLD",1021.07420811269,50.5744063794101
"holy","Young","Female",61.2244897959184,"none",0.100166666666667,"D58A_FO","OLD",1037.84309749792,92.5511388895991
"hole","Old","Male",61.2244897959184,"none",0.100166666666667,"D58A_FO","OLD",954.969625570954,50.8660093104389
"holy","Old","Male",61.2244897959184,"none",0.100166666666667,"D58A_FO","OLD",971.738514956185,88.2084463817465
"hole","Young","Male",61.2244897959184,"none",0.100166666666667,"D58A_FO","OLD",1135.70584203948,61.4848819407179
"holy","Young","Male",61.2244897959184,"none",0.100166666666667,"D58A_FO","OLD",1152.47473142471,97.3585711741096
"hole","Old","Female",63.265306122449,"none",0.100166666666667,"D58A_FO","OLD",836.730435807462,35.4276614822255
"holy","Old","Female",63.265306122449,"none",0.100166666666667,"D58A_FO","OLD",859.430700152332,84.7359314087171
"hole","Young","Female",63.265306122449,"none",0.100166666666667,"D58A_FO","OLD",1018.45331945197,52.0923959814447
"holy","Young","Female",63.265306122449,"none",0.100166666666667,"D58A_FO","OLD",1041.15358379684,95.6768719229762
"hole","Old","Male",63.265306122449,"none",0.100166666666667,"D58A_FO","OLD",942.007037418569,52.4629336071765
"holy","Old","Male",63.265306122449,"none",0.100166666666667,"D58A_FO","OLD",964.707301763439,91.4755962169874
"hole","Young","Male",63.265306122449,"none",0.100166666666667,"D58A_FO","OLD",1123.72992106307,63.3175106003305
"holy","Young","Male",63.265306122449,"none",0.100166666666667,"D58A_FO","OLD",1146.43018540794,100.697168170111
"hole","Old","Female",65.3061224489796,"none",0.100166666666667,"D58A_FO","OLD",833.873843981985,36.8575141433525
"holy","Old","Female",65.3061224489796,"none",0.100166666666667,"D58A_FO","OLD",862.505451138319,88.1362839134166
"hole","Young","Female",65.3061224489796,"none",0.100166666666667,"D58A_FO","OLD",1016.58338828702,53.8114154924221
"holy","Young","Female",65.3061224489796,"none",0.100166666666667,"D58A_FO","OLD",1045.21499544335,99.1588570535528
"hole","Old","Male",65.3061224489796,"none",0.100166666666667,"D58A_FO","OLD",929.795416486194,54.2691111399632
"holy","Old","Male",65.3061224489796,"none",0.100166666666667,"D58A_FO","OLD",958.427023642527,95.1066673291783
"hole","Young","Male",65.3061224489796,"none",0.100166666666667,"D58A_FO","OLD",1112.50496079123,65.3919402858966
"holy","Young","Male",65.3061224489796,"none",0.100166666666667,"D58A_FO","OLD",1141.13656794756,104.419968887782
"hole","Old","Female",67.3469387755102,"none",0.100166666666667,"D58A_FO","OLD",831.665839033321,38.4342985184335
"holy","Old","Female",67.3469387755102,"none",0.100166666666667,"D58A_FO","OLD",866.228757637818,91.8346402895889
"hole","Young","Female",67.3469387755102,"none",0.100166666666667,"D58A_FO","OLD",1015.36203796271,55.7157314598433
"holy","Young","Female",67.3469387755102,"none",0.100166666666667,"D58A_FO","OLD",1049.9249565672,102.962397848706
"hole","Old","Male",67.3469387755102,"none",0.100166666666667,"D58A_FO","OLD",918.232386043049,56.26702277206
"holy","Old","Male",67.3469387755102,"none",0.100166666666667,"D58A_FO","OLD",952.795304647547,99.0630255423041
"hole","Young","Male",67.3469387755102,"none",0.100166666666667,"D58A_FO","OLD",1101.92858497243,67.6882195309393
"holy","Young","Male",67.3469387755102,"none",0.100166666666667,"D58A_FO","OLD",1136.49150357693,108.488741468265
"hole","Old","Female",69.3877551020408,"none",0.100166666666667,"D58A_FO","OLD",830.00404380039,40.1198364167946
"holy","Old","Female",69.3877551020408,"none",0.100166666666667,"D58A_FO","OLD",870.498243274625,95.7876107467226
"hole","Young","Female",69.3877551020408,"none",0.100166666666667,"D58A_FO","OLD",1014.68689179723,57.7726573693857
"holy","Young","Female",69.3877551020408,"none",0.100166666666667,"D58A_FO","OLD",1055.18109127146,107.045344195656
"hole","Old","Male",69.3877551020408,"none",0.100166666666667,"D58A_FO","OLD",907.215569331691,58.4225593916113
"holy","Old","Male",69.3877551020408,"none",0.100166666666667,"D58A_FO","OLD",947.709768805927,103.299004262062
"hole","Young","Male",69.3877551020408,"none",0.100166666666667,"D58A_FO","OLD",1091.89841732853,70.1726489225422
"holy","Young","Male",69.3877551020408,"none",0.100166666666667,"D58A_FO","OLD",1132.39261680276,112.858540520708
"hole","Old","Female",71.4285714285714,"none",0.100166666666667,"D58A_FO","OLD",828.788517602548,41.8743719116054
"holy","Old","Female",71.4285714285714,"none",0.100166666666667,"D58A_FO","OLD",875.213968226455,99.953683283583
"hole","Young","Female",71.4285714285714,"none",0.100166666666667,"D58A_FO","OLD",1014.45800957992,59.948016680242
"holy","Young","Female",71.4285714285714,"none",0.100166666666667,"D58A_FO","OLD",1060.88346020383,111.366891221162
"hole","Old","Male",71.4285714285714,"none",0.100166666666667,"D58A_FO","OLD",896.645026041148,60.700435122933
"holy","Old","Male",71.4285714285714,"none",0.100166666666667,"D58A_FO","OLD",943.070476665055,107.771078668828
"hole","Young","Male",71.4285714285714,"none",0.100166666666667,"D58A_FO","OLD",1082.31451801852,72.8106595026373
"holy","Young","Male",71.4285714285714,"none",0.100166666666667,"D58A_FO","OLD",1128.73996864243,117.486163814921
"hole","Old","Female",73.469387755102,"none",0.100166666666667,"D58A_FO","OLD",827.944473468706,43.6991684076515
"holy","Old","Female",73.469387755102,"none",0.100166666666667,"D58A_FO","OLD",880.301147139197,104.311178604291
"hole","Young","Female",73.469387755102,"none",0.100166666666667,"D58A_FO","OLD",1014.60060471381,62.2362549954778
"holy","Young","Female",73.469387755102,"none",0.100166666666667,"D58A_FO","OLD",1066.9572783843,115.903894614192
"hole","Old","Male",73.469387755102,"none",0.100166666666667,"D58A_FO","OLD",886.445969219421,63.0938979232295
"holy","Old","Male",73.469387755102,"none",0.100166666666667,"D58A_FO","OLD",938.802642889912,112.454582441769
"hole","Young","Male",73.469387755102,"none",0.100166666666667,"D58A_FO","OLD",1073.10210046453,75.5917132604834
"holy","Young","Male",73.469387755102,"none",0.100166666666667,"D58A_FO","OLD",1125.45877413502,122.345645444537
"hole","Old","Female",75.5102040816327,"none",0.100166666666667,"D58A_FO","OLD",827.412001748004,45.6071302069025
"holy","Old","Female",75.5102040816327,"none",0.100166666666667,"D58A_FO","OLD",885.699872426517,108.845880241655
"hole","Young","Female",75.5102040816327,"none",0.100166666666667,"D58A_FO","OLD",1015.0547678656,64.6405884054181
"holy","Young","Female",75.5102040816327,"none",0.100166666666667,"D58A_FO","OLD",1073.34263854411,120.640042270159
"hole","Old","Male",75.5102040816327,"none",0.100166666666667,"D58A_FO","OLD",876.558489027921,65.6049887780944
"holy","Old","Male",75.5102040816327,"none",0.100166666666667,"D58A_FO","OLD",934.846359706434,117.332257757655
"hole","Young","Male",75.5102040816327,"none",0.100166666666667,"D58A_FO","OLD",1064.20125514551,78.513009570088
"holy","Young","Male",75.5102040816327,"none",0.100166666666667,"D58A_FO","OLD",1122.48912582403,127.417956502855
"hole","Old","Female",77.5510204081633,"none",0.100166666666667,"D58A_FO","OLD",827.135980065727,47.5885328762414
"holy","Old","Female",77.5510204081633,"none",0.100166666666667,"D58A_FO","OLD",891.355023784007,113.536529193847
"hole","Young","Female",77.5510204081633,"none",0.100166666666667,"D58A_FO","OLD",1015.76537697738,67.1488734192813
"holy","Young","Female",77.5510204081633,"none",0.100166666666667,"D58A_FO","OLD",1079.98442069566,125.552843625355
"hole","Old","Male",77.5510204081633,"none",0.100166666666667,"D58A_FO","OLD",866.927462901528,68.2207921503229
"holy","Old","Male",77.5510204081633,"none",0.100166666666667,"D58A_FO","OLD",931.146506619808,122.380796311931
"hole","Young","Male",77.5510204081633,"none",0.100166666666667,"D58A_FO","OLD",1055.55685981318,81.5596472158989
"holy","Young","Male",77.5510204081633,"none",0.100166666666667,"D58A_FO","OLD",1119.77590353146,132.678669043554
"hole","Old","Female",79.5918367346939,"none",0.100166666666667,"D58A_FO","OLD",827.070211152879,49.614983518334
"holy","Old","Female",79.5918367346939,"none",0.100166666666667,"D58A_FO","OLD",897.220406012983,118.356288840994
"hole","Young","Female",79.5918367346939,"none",0.100166666666667,"D58A_FO","OLD",1016.686235097,69.7360243594155
"holy","Young","Female",79.5918367346939,"none",0.100166666666667,"D58A_FO","OLD",1086.8364299571,130.61488772129
"hole","Old","Male",79.5918367346939,"none",0.100166666666667,"D58A_FO","OLD",857.506693380842,70.9159424848589
"holy","Old","Male",79.5918367346939,"none",0.100166666666667,"D58A_FO","OLD",927.656888240945,127.572179060764
"hole","Young","Male",79.5918367346939,"none",0.100166666666667,"D58A_FO","OLD",1047.12271732496,84.7066267465425
"holy","Young","Male",79.5918367346939,"none",0.100166666666667,"D58A_FO","OLD",1117.27291218506,138.099145069309
"hole","Old","Female",81.6326530612245,"none",0.100166666666667,"D58A_FO","OLD",827.171021744821,51.6613576410661
"holy","Old","Female",81.6326530612245,"none",0.100166666666667,"D58A_FO","OLD",903.252347949222,123.281650278851
"hole","Young","Female",81.6326530612245,"none",0.100166666666667,"D58A_FO","OLD",1017.77366928313,72.3794876573905
"holy","Young","Female",81.6326530612245,"none",0.100166666666667,"D58A_FO","OLD",1093.85499548753,135.801919315761
"hole","Old","Male",81.6326530612245,"none",0.100166666666667,"D58A_FO","OLD",848.252506995555,73.6677787630162
"holy","Old","Male",81.6326530612245,"none",0.100166666666667,"D58A_FO","OLD",924.333833199956,132.881875267116
"hole","Young","Male",81.6326530612245,"none",0.100166666666667,"D58A_FO","OLD",1038.85515453386,87.9315296353991
"holy","Young","Male",81.6326530612245,"none",0.100166666666667,"D58A_FO","OLD",1114.93648073826,143.654121711802
"hole","Old","Female",83.6734693877551,"none",0.100166666666667,"D58A_FO","OLD",827.40581392126,53.7443821347875
"holy","Old","Female",83.6734693877551,"none",0.100166666666667,"D58A_FO","OLD",909.418253995386,128.30836904602
"hole","Young","Female",83.6734693877551,"none",0.100166666666667,"D58A_FO","OLD",1018.99508198686,75.0869554283369
"holy","Young","Female",83.6734693877551,"none",0.100166666666667,"D58A_FO","OLD",1101.00752206099,141.10737481852
"hole","Old","Male",83.6734693877551,"none",0.100166666666667,"D58A_FO","OLD",839.132305506905,76.4834972222478
"holy","Old","Male",83.6734693877551,"none",0.100166666666667,"D58A_FO","OLD",921.144745581032,138.303582534153
"hole","Young","Male",83.6734693877551,"none",0.100166666666667,"D58A_FO","OLD",1030.72157357251,91.2372870857707
"holy","Young","Male",83.6734693877551,"none",0.100166666666667,"D58A_FO","OLD",1112.73401364663,149.335392809891
"hole","Old","Female",85.7142857142857,"none",0.100166666666667,"D58A_FO","OLD",827.746953768219,55.8885797446258
"holy","Old","Female",85.7142857142857,"none",0.100166666666667,"D58A_FO","OLD",915.690492660189,133.436948321575
"hole","Young","Female",85.7142857142857,"none",0.100166666666667,"D58A_FO","OLD",1020.32283968715,77.8723169987088
"holy","Young","Female",85.7142857142857,"none",0.100166666666667,"D58A_FO","OLD",1108.26637857912,146.529294530558
"hole","Old","Male",85.7142857142857,"none",0.100166666666667,"D58A_FO","OLD",830.118454631888,79.3764239257585
"holy","Old","Male",85.7142857142857,"none",0.100166666666667,"D58A_FO","OLD",918.061993523857,143.83571427531
"hole","Young","Male",85.7142857142857,"none",0.100166666666667,"D58A_FO","OLD",1022.69434055082,94.6323273392723
"holy","Young","Male",85.7142857142857,"none",0.100166666666667,"D58A_FO","OLD",1110.63787944279,155.13936951292
"hole","Old","Female",87.7551020408163,"none",0.100166666666667,"D58A_FO","OLD",828.166830797117,58.0955750034424
"holy","Old","Female",87.7551020408163,"none",0.100166666666667,"D58A_FO","OLD",922.041455878212,138.659589635016
"hole","Young","Female",87.7551020408163,"none",0.100166666666667,"D58A_FO","OLD",1021.72933228844,80.7335683963631
"holy","Young","Female",87.7551020408163,"none",0.100166666666667,"D58A_FO","OLD",1115.60395736953,152.058423580014
"hole","Old","Male",87.7551020408163,"none",0.100166666666667,"D58A_FO","OLD",821.183343512654,82.3443326282606
"holy","Old","Male",87.7551020408163,"none",0.100166666666667,"D58A_FO","OLD",915.057968593749,149.469252595704
"hole","Young","Male",87.7551020408163,"none",0.100166666666667,"D58A_FO","OLD",1014.74584500398,98.1123555654336
"holy","Young","Male",87.7551020408163,"none",0.100166666666667,"D58A_FO","OLD",1108.62047008507,161.055803443966
"hole","Old","Female",89.7959183673469,"none",0.100166666666667,"D58A_FO","OLD",828.637834520921,60.3470173216412
"holy","Old","Female",89.7959183673469,"none",0.100166666666667,"D58A_FO","OLD",928.443535585587,143.961248077288
"hole","Young","Female",89.7959183673469,"none",0.100166666666667,"D58A_FO","OLD",1023.18694969672,83.654658643956
"holy","Young","Female",89.7959183673469,"none",0.100166666666667,"D58A_FO","OLD",1122.99265076139,157.67909661124
"hole","Old","Male",89.7959183673469,"none",0.100166666666667,"D58A_FO","OLD",812.299361292906,85.3712979150149
"holy","Old","Male",89.7959183673469,"none",0.100166666666667,"D58A_FO","OLD",912.105062357572,155.188692208874
"hole","Young","Male",89.7959183673469,"none",0.100166666666667,"D58A_FO","OLD",1006.84847646871,101.661840855008
"holy","Young","Male",89.7959183673469,"none",0.100166666666667,"D58A_FO","OLD",1106.65417753337,167.068604814858
"hole","Old","Female",91.8367346938776,"none",0.100166666666667,"D58A_FO","OLD",829.135194483541,62.6295184127284
"holy","Old","Female",91.8367346938776,"none",0.100166666666667,"D58A_FO","OLD",934.871963641935,149.329911001836
"hole","Young","Female",91.8367346938776,"none",0.100166666666667,"D58A_FO","OLD",1024.67092183728,86.6233135494255
"holy","Young","Female",91.8367346938776,"none",0.100166666666667,"D58A_FO","OLD",1130.40769099567,163.378574926817
"hole","Old","Male",91.8367346938776,"none",0.100166666666667,"D58A_FO","OLD",803.441737147559,88.4451761696786
"holy","Old","Male",91.8367346938776,"none",0.100166666666667,"D58A_FO","OLD",909.178506305953,160.98154443086
"hole","Young","Male",91.8367346938776,"none",0.100166666666667,"D58A_FO","OLD",998.977464501294,105.268643705084
"holy","Young","Male",91.8367346938776,"none",0.100166666666667,"D58A_FO","OLD",1104.71423365969,173.164633683662
"hole","Old","Female",93.8775510204082,"none",0.100166666666667,"D58A_FO","OLD",829.649501329032,64.9750900523401
"holy","Old","Female",93.8775510204082,"none",0.100166666666667,"D58A_FO","OLD",941.317332425842,154.773435547038
"hole","Young","Female",93.8775510204082,"none",0.100166666666667,"D58A_FO","OLD",1026.17183967245,89.6603595646053
"holy","Young","Female",93.8775510204082,"none",0.100166666666667,"D58A_FO","OLD",1137.83967076926,169.162452890247
"hole","Old","Male",93.8775510204082,"none",0.100166666666667,"D58A_FO","OLD",794.601061353152,91.5862884511195
"holy","Old","Male",93.8775510204082,"none",0.100166666666667,"D58A_FO","OLD",906.268892449962,166.853927426847
"hole","Young","Male",93.8775510204082,"none",0.100166666666667,"D58A_FO","OLD",991.123399696574,108.948111102782
"holy","Young","Male",93.8775510204082,"none",0.100166666666667,"D58A_FO","OLD",1102.79123079338,179.348200841947
"hole","Old","Female",95.9183673469388,"none",0.100166666666667,"D58A_FO","OLD",830.176515414832,67.4339032668439
"holy","Old","Female",95.9183673469388,"none",0.100166666666667,"D58A_FO","OLD",947.775403833684,160.308091700797
"hole","Young","Female",95.9183673469388,"none",0.100166666666667,"D58A_FO","OLD",1027.68546385677,92.8002894023856
"holy","Young","Female",95.9183673469388,"none",0.100166666666667,"D58A_FO","OLD",1145.28435227562,175.044235154192
"hole","Old","Male",95.9183673469388,"none",0.100166666666667,"D58A_FO","OLD",785.773093900108,94.8283275513261
"holy","Old","Male",95.9183673469388,"none",0.100166666666667,"D58A_FO","OLD",903.37198231896,172.819912830237
"hole","Young","Male",95.9183673469388,"none",0.100166666666667,"D58A_FO","OLD",983.282042342043,112.727068657886
"holy","Young","Male",95.9183673469388,"none",0.100166666666667,"D58A_FO","OLD",1100.8809307609,185.631193944524
"hole","Old","Female",97.9591836734694,"none",0.100166666666667,"D58A_FO","OLD",830.712000994171,70.0443499970358
"holy","Old","Female",97.9591836734694,"none",0.100166666666667,"D58A_FO","OLD",954.241943657483,165.946034517084
"hole","Young","Female",97.9591836734694,"none",0.100166666666667,"D58A_FO","OLD",1029.2075589405,96.0696642786083
"holy","Young","Female",97.9591836734694,"none",0.100166666666667,"D58A_FO","OLD",1152.73750160382,181.033861552994
"hole","Old","Male",97.9591836734694,"none",0.100166666666667,"D58A_FO","OLD",776.953598674637,98.1972159707379
"holy","Old","Male",97.9591836734694,"none",0.100166666666667,"D58A_FO","OLD",900.483541337949,178.889886940478
"hole","Young","Male",97.9591836734694,"none",0.100166666666667,"D58A_FO","OLD",975.44915662097,116.626059877664
"holy","Young","Male",97.9591836734694,"none",0.100166666666667,"D58A_FO","OLD",1098.97909928428,192.022236984439
"hole","Old","Female",100,"none",0.100166666666667,"D58A_FO","OLD",831.25172232028,72.8202449637283
"holy","Old","Female",100,"none",0.100166666666667,"D58A_FO","OLD",960.712717689262,171.689910499206
"hole","Young","Female",100,"none",0.100166666666667,"D58A_FO","OLD",1030.73388947395,99.4777298342506
"holy","Young","Female",100,"none",0.100166666666667,"D58A_FO","OLD",1160.19488484294,187.132718408143
"hole","Old","Male",100,"none",0.100166666666667,"D58A_FO","OLD",768.138339562953,101.701953718961
"holy","Old","Male",100,"none",0.100166666666667,"D58A_FO","OLD",897.599334931935,185.065533672389
"hole","Young","Male",100,"none",0.100166666666667,"D58A_FO","OLD",967.620506716627,120.651625979914
"holy","Young","Male",100,"none",0.100166666666667,"D58A_FO","OLD",1097.08150208561,198.521982384789
