"lexSet_ord","age_sex","measurement.no","preSeg","dur","id","word","fit","se.fit"
"hope","Old.Female",0,"none",0.120253986332574,"019_FO","KNOW",1604.54737608958,32.3911517288778
"hole","Old.Female",0,"none",0.120253986332574,"019_FO","KNOW",1184.55289452026,37.1537416221124
"hope","Young.Female",0,"none",0.120253986332574,"019_FO","KNOW",1608.75854210469,45.7364995294364
"hole","Young.Female",0,"none",0.120253986332574,"019_FO","KNOW",1188.76406053538,49.1544320082864
"hope","Old.Male",0,"none",0.120253986332574,"019_FO","KNOW",1638.37684548242,46.1737095952617
"hole","Old.Male",0,"none",0.120253986332574,"019_FO","KNOW",1218.38236391311,49.4886519640341
"hope","Young.Male",0,"none",0.120253986332574,"019_FO","KNOW",1634.08852361688,54.4071616201946
"hole","Young.Male",0,"none",0.120253986332574,"019_FO","KNOW",1214.09404204756,56.64912797699
"hope","Old.Female",2.04081632653061,"none",0.120253986332574,"019_FO","KNOW",1602.78431797231,31.1162647253948
"hole","Old.Female",2.04081632653061,"none",0.120253986332574,"019_FO","KNOW",1181.2144229942,35.3759024990253
"hope","Young.Female",2.04081632653061,"none",0.120253986332574,"019_FO","KNOW",1609.18754398867,44.1686759898833
"hole","Young.Female",2.04081632653061,"none",0.120253986332574,"019_FO","KNOW",1187.61764901056,47.1981370769797
"hope","Old.Male",2.04081632653061,"none",0.120253986332574,"019_FO","KNOW",1638.70935040933,44.5948728993489
"hole","Old.Male",2.04081632653061,"none",0.120253986332574,"019_FO","KNOW",1217.13945543121,47.5260780366526
"hope","Young.Male",2.04081632653061,"none",0.120253986332574,"019_FO","KNOW",1631.88670198223,52.1620735102969
"hole","Young.Male",2.04081632653061,"none",0.120253986332574,"019_FO","KNOW",1210.31680700411,54.2081839955362
"hope","Old.Female",4.08163265306122,"none",0.120253986332574,"019_FO","KNOW",1601.01717774522,29.8609200410016
"hole","Old.Female",4.08163265306122,"none",0.120253986332574,"019_FO","KNOW",1177.72317051552,33.868295752921
"hope","Young.Female",4.08163265306122,"none",0.120253986332574,"019_FO","KNOW",1609.61246380648,42.65569298125
"hole","Young.Female",4.08163265306122,"none",0.120253986332574,"019_FO","KNOW",1186.31845657678,45.4849161770408
"hope","Old.Male",4.08163265306122,"none",0.120253986332574,"019_FO","KNOW",1639.03777344255,43.0706732587416
"hole","Old.Male",4.08163265306122,"none",0.120253986332574,"019_FO","KNOW",1215.74376621284,45.8051776618928
"hope","Young.Male",4.08163265306122,"none",0.120253986332574,"019_FO","KNOW",1629.68177560519,50.1120687827432
"hole","Young.Male",4.08163265306122,"none",0.120253986332574,"019_FO","KNOW",1206.38776837549,52.0974776703952
"hope","Old.Female",6.12244897959184,"none",0.120253986332574,"019_FO","KNOW",1599.24187329849,28.6274003637427
"hole","Old.Female",6.12244897959184,"none",0.120253986332574,"019_FO","KNOW",1173.92635613161,32.6040133767792
"hope","Young.Female",6.12244897959184,"none",0.120253986332574,"019_FO","KNOW",1610.02921949196,41.2033947376148
"hole","Young.Female",6.12244897959184,"none",0.120253986332574,"019_FO","KNOW",1184.71370232508,43.9954432257526
"hope","Old.Male",6.12244897959184,"none",0.120253986332574,"019_FO","KNOW",1639.3580326884,41.6069144319032
"hole","Old.Male",6.12244897959184,"none",0.120253986332574,"019_FO","KNOW",1214.04251552152,44.3067182217999
"hope","Young.Male",6.12244897959184,"none",0.120253986332574,"019_FO","KNOW",1627.47063974338,48.2610019284572
"hole","Young.Male",6.12244897959184,"none",0.120253986332574,"019_FO","KNOW",1202.1551225765,50.2987723206453
"hope","Old.Female",8.16326530612245,"none",0.120253986332574,"019_FO","KNOW",1597.45432252229,27.4177192863712
"hole","Old.Female",8.16326530612245,"none",0.120253986332574,"019_FO","KNOW",1169.67119888986,31.5073691176345
"hope","Young.Female",8.16326530612245,"none",0.120253986332574,"019_FO","KNOW",1610.43372897894,39.8177822105418
"hole","Young.Female",8.16326530612245,"none",0.120253986332574,"019_FO","KNOW",1182.65060534651,42.6756105467863
"hope","Old.Male",8.16326530612245,"none",0.120253986332574,"019_FO","KNOW",1639.66604625322,40.2095593443921
"hole","Old.Male",8.16326530612245,"none",0.120253986332574,"019_FO","KNOW",1211.88292262079,42.9769701105821
"hope","Young.Male",8.16326530612245,"none",0.120253986332574,"019_FO","KNOW",1625.2501896544,46.5950182654075
"hole","Young.Male",8.16326530612245,"none",0.120253986332574,"019_FO","KNOW",1197.46706602197,48.7474504222306
"hope","Old.Female",10.2040816326531,"none",0.120253986332574,"019_FO","KNOW",1595.65044330688,26.2335998435555
"hole","Old.Female",10.2040816326531,"none",0.120253986332574,"019_FO","KNOW",1164.80493349416,30.4814934813809
"hope","Young.Female",10.2040816326531,"none",0.120253986332574,"019_FO","KNOW",1610.82191020133,38.504983656529
"hole","Young.Female",10.2040816326531,"none",0.120253986332574,"019_FO","KNOW",1179.9764003886,41.45703780266
"hope","Old.Male",10.2040816326531,"none",0.120253986332574,"019_FO","KNOW",1639.9577322434,38.8847027340398
"hole","Old.Male",10.2040816326531,"none",0.120253986332574,"019_FO","KNOW",1209.11222243067,41.7480575187876
"hope","Young.Male",10.2040816326531,"none",0.120253986332574,"019_FO","KNOW",1623.01732427891,45.0893861133333
"hole","Young.Male",10.2040816326531,"none",0.120253986332574,"019_FO","KNOW",1192.17181446618,47.357278773574
"hope","Old.Female",12.2448979591837,"none",0.120253986332574,"019_FO","KNOW",1593.82615365246,25.0764745063883
"hole","Old.Female",12.2448979591837,"none",0.120253986332574,"019_FO","KNOW",1159.19557083718,29.4691950430007
"hope","Young.Female",12.2448979591837,"none",0.120253986332574,"019_FO","KNOW",1611.18968119373,37.2712221202945
"hole","Young.Female",12.2448979591837,"none",0.120253986332574,"019_FO","KNOW",1176.55909837844,40.3016650393972
"hope","Old.Male",12.2448979591837,"none",0.120253986332574,"019_FO","KNOW",1640.22900888977,37.6385411895478
"hole","Old.Male",12.2448979591837,"none",0.120253986332574,"019_FO","KNOW",1205.59842607449,40.5822199890964
"hope","Young.Male",12.2448979591837,"none",0.120253986332574,"019_FO","KNOW",1620.77382995498,43.7257607891395
"hole","Young.Male",12.2448979591837,"none",0.120253986332574,"019_FO","KNOW",1186.1432471397,46.0756004822089
"hope","Old.Female",14.2857142857143,"none",0.120253986332574,"019_FO","KNOW",1591.97737188582,23.947514337344
"hole","Old.Female",14.2857142857143,"none",0.120253986332574,"019_FO","KNOW",1152.77285543051,28.50423042879
"hope","Young.Female",14.2857142857143,"none",0.120253986332574,"019_FO","KNOW",1611.5329602899,36.1227791847241
"hole","Young.Female",14.2857142857143,"none",0.120253986332574,"019_FO","KNOW",1172.32844383459,39.2385428310705
"hope","Old.Male",14.2857142857143,"none",0.120253986332574,"019_FO","KNOW",1640.47579479282,36.4773398812426
"hole","Old.Male",14.2857142857143,"none",0.120253986332574,"019_FO","KNOW",1201.27127833751,39.5083479552029
"hope","Young.Male",14.2857142857143,"none",0.120253986332574,"019_FO","KNOW",1618.53601525739,42.5090814062859
"hole","Young.Male",14.2857142857143,"none",0.120253986332574,"019_FO","KNOW",1179.33149880208,44.9300775032721
"hope","Old.Female",16.3265306122449,"none",0.120253986332574,"019_FO","KNOW",1590.10001639416,22.8476958745353
"hole","Old.Female",16.3265306122449,"none",0.120253986332574,"019_FO","KNOW",1145.47794538154,27.6286996431134
"hope","Young.Female",16.3265306122449,"none",0.120253986332574,"019_FO","KNOW",1611.84766587894,35.0659537351014
"hole","Young.Female",16.3265306122449,"none",0.120253986332574,"019_FO","KNOW",1167.22559486633,38.3021356201324
"hope","Old.Male",16.3265306122449,"none",0.120253986332574,"019_FO","KNOW",1640.69400862137,35.4073944491462
"hole","Old.Male",16.3265306122449,"none",0.120253986332574,"019_FO","KNOW",1196.07193760876,38.5607284600847
"hope","Young.Male",16.3265306122449,"none",0.120253986332574,"019_FO","KNOW",1616.32287369888,41.4459827263908
"hole","Young.Male",16.3265306122449,"none",0.120253986332574,"019_FO","KNOW",1171.70080268627,43.9545754255478
"hope","Old.Female",18.3673469387755,"none",0.120253986332574,"019_FO","KNOW",1588.19000557155,21.7779213607004
"hole","Old.Female",18.3673469387755,"none",0.120253986332574,"019_FO","KNOW",1137.25199880456,26.8431728612582
"hope","Young.Female",18.3673469387755,"none",0.120253986332574,"019_FO","KNOW",1612.1297163568,34.1070185396145
"hole","Young.Female",18.3673469387755,"none",0.120253986332574,"019_FO","KNOW",1161.19170958981,37.4960794929226
"hope","Old.Male",18.3673469387755,"none",0.120253986332574,"019_FO","KNOW",1640.87956905114,34.4349909135028
"hole","Old.Male",18.3673469387755,"none",0.120253986332574,"019_FO","KNOW",1189.94156228415,37.7430537878709
"hope","Young.Male",18.3673469387755,"none",0.120253986332574,"019_FO","KNOW",1614.15339879912,40.5318811657759
"hole","Young.Male",18.3673469387755,"none",0.120253986332574,"019_FO","KNOW",1163.21539203213,43.1457757487932
"hope","Old.Female",20.4081632653061,"none",0.120253986332574,"019_FO","KNOW",1586.24325785976,20.7392095317119
"hole","Old.Female",20.4081632653061,"none",0.120253986332574,"019_FO","KNOW",1128.03642377318,26.1023395412204
"hope","Young.Female",20.4081632653061,"none",0.120253986332574,"019_FO","KNOW",1612.37503016722,33.2521766856359
"hole","Young.Female",20.4081632653061,"none",0.120253986332574,"019_FO","KNOW",1154.16819608064,36.7910123156558
"hope","Old.Male",20.4081632653061,"none",0.120253986332574,"019_FO","KNOW",1641.02839480547,33.5663653815248
"hole","Old.Male",20.4081632653061,"none",0.120253986332574,"019_FO","KNOW",1182.82156071889,37.0262472076458
"hope","Young.Male",20.4081632653061,"none",0.120253986332574,"019_FO","KNOW",1612.04661046887,39.7505074336334
"hole","Young.Male",20.4081632653061,"none",0.120253986332574,"019_FO","KNOW",1153.83977638229,42.4612842940918
"hope","Old.Female",22.4489795918367,"none",0.120253986332574,"019_FO","KNOW",1584.25569211352,19.732977137307
"hole","Old.Female",22.4489795918367,"none",0.120253986332574,"019_FO","KNOW",1117.82561004687,25.375758633589
"hope","Young.Female",22.4489795918367,"none",0.120253986332574,"019_FO","KNOW",1612.57952617961,32.5075200850012
"hole","Young.Female",22.4489795918367,"none",0.120253986332574,"019_FO","KNOW",1146.14944411296,36.1687257732938
"hope","Old.Male",22.4489795918367,"none",0.120253986332574,"019_FO","KNOW",1641.13640500901,32.8076654214812
"hole","Old.Male",22.4489795918367,"none",0.120253986332574,"019_FO","KNOW",1174.70632294235,36.3923075938793
"hope","Young.Male",22.4489795918367,"none",0.120253986332574,"019_FO","KNOW",1610.02711384276,39.0913533442274
"hole","Young.Male",22.4489795918367,"none",0.120253986332574,"019_FO","KNOW",1143.59703177611,41.8736595114955
"hope","Old.Female",24.4897959183673,"none",0.120253986332574,"019_FO","KNOW",1582.22322806726,18.761437218874
"hole","Old.Female",24.4897959183673,"none",0.120253986332574,"019_FO","KNOW",1106.73215648213,24.7103264024289
"hope","Young.Female",24.4897959183673,"none",0.120253986332574,"019_FO","KNOW",1612.73912417157,31.8789937986554
"hole","Young.Female",24.4897959183673,"none",0.120253986332574,"019_FO","KNOW",1137.24805258644,35.6651577249573
"hope","Old.Male",24.4897959183673,"none",0.120253986332574,"019_FO","KNOW",1641.19951964002,32.1649162961675
"hole","Old.Male",24.4897959183673,"none",0.120253986332574,"019_FO","KNOW",1165.70844805489,35.8770521790382
"hope","Young.Male",24.4897959183673,"none",0.120253986332574,"019_FO","KNOW",1608.13197538578,38.5667666125285
"hole","Young.Male",24.4897959183673,"none",0.120253986332574,"019_FO","KNOW",1132.64090380065,41.422068384455
"hope","Old.Female",26.530612244898,"none",0.120253986332574,"019_FO","KNOW",1580.14290612769,17.8283115303406
"hole","Old.Female",26.530612244898,"none",0.120253986332574,"019_FO","KNOW",1094.88577695427,24.1533520997209
"hope","Young.Female",26.530612244898,"none",0.120253986332574,"019_FO","KNOW",1612.85086459682,31.3724649332288
"hole","Young.Female",26.530612244898,"none",0.120253986332574,"019_FO","KNOW",1127.5937354234,35.3142678993651
"hope","Old.Male",26.530612244898,"none",0.120253986332574,"019_FO","KNOW",1641.21477934555,31.6440899192829
"hole","Old.Male",26.530612244898,"none",0.120253986332574,"019_FO","KNOW",1155.95765017212,35.5143736172509
"hope","Young.Male",26.530612244898,"none",0.120253986332574,"019_FO","KNOW",1606.40106821583,38.1890327116363
"hole","Young.Male",26.530612244898,"none",0.120253986332574,"019_FO","KNOW",1121.1439390424,41.1433469474007
"hope","Old.Female",28.5714285714286,"none",0.120253986332574,"019_FO","KNOW",1578.021519665,16.9407558798127
"hole","Old.Female",28.5714285714286,"none",0.120253986332574,"019_FO","KNOW",1082.42593830207,23.7085504824296
"hope","Young.Female",28.5714285714286,"none",0.120253986332574,"019_FO","KNOW",1612.92154087255,30.9943476535844
"hole","Young.Female",28.5714285714286,"none",0.120253986332574,"019_FO","KNOW",1117.32595950962,35.1179727054306
"hope","Old.Male",28.5714285714286,"none",0.120253986332574,"019_FO","KNOW",1641.1889777361,31.2517275168083
"hole","Old.Male",28.5714285714286,"none",0.120253986332574,"019_FO","KNOW",1145.59339637318,35.3063423760105
"hope","Young.Male",28.5714285714286,"none",0.120253986332574,"019_FO","KNOW",1604.8840184143,37.9592628407583
"hole","Young.Male",28.5714285714286,"none",0.120253986332574,"019_FO","KNOW",1109.28843705137,41.0361523539298
"hope","Old.Female",30.6122448979592,"none",0.120253986332574,"019_FO","KNOW",1575.87088379127,16.1088292214144
"hole","Old.Female",30.6122448979592,"none",0.120253986332574,"019_FO","KNOW",1069.49703289447,23.3344175091431
"hope","Young.Female",30.6122448979592,"none",0.120253986332574,"019_FO","KNOW",1612.9629681587,30.7506916493339
"hole","Young.Female",30.6122448979592,"none",0.120253986332574,"019_FO","KNOW",1106.5891172619,35.0469445411947
"hope","Old.Male",30.6122448979592,"none",0.120253986332574,"019_FO","KNOW",1641.13393016247,30.9940283926942
"hole","Old.Male",30.6122448979592,"none",0.120253986332574,"019_FO","KNOW",1134.76007926567,35.2239494572072
"hope","Young.Male",30.6122448979592,"none",0.120253986332574,"019_FO","KNOW",1603.63537862097,37.8671077412443
"hole","Young.Male",30.6122448979592,"none",0.120253986332574,"019_FO","KNOW",1097.26152772417,41.0626623167705
"hope","Old.Female",32.6530612244898,"none",0.120253986332574,"019_FO","KNOW",1573.70285537134,15.3444306605285
"hole","Old.Female",32.6530612244898,"none",0.120253986332574,"019_FO","KNOW",1056.23605091351,23.0098291630453
"hope","Young.Female",32.6530612244898,"none",0.120253986332574,"019_FO","KNOW",1612.98700343484,30.6461207388887
"hole","Young.Female",32.6530612244898,"none",0.120253986332574,"019_FO","KNOW",1095.52019897701,35.085819438312
"hope","Old.Male",32.6530612244898,"none",0.120253986332574,"019_FO","KNOW",1641.06149360319,30.8757870201731
"hole","Old.Male",32.6530612244898,"none",0.120253986332574,"019_FO","KNOW",1123.59468914536,35.2520416179623
"hope","Young.Male",32.6530612244898,"none",0.120253986332574,"019_FO","KNOW",1602.70237884533,37.9079599598895
"hole","Young.Male",32.6530612244898,"none",0.120253986332574,"019_FO","KNOW",1085.2355743875,41.2030457433576
"hope","Old.Female",34.6938775510204,"none",0.120253986332574,"019_FO","KNOW",1571.52929185744,14.6607696008757
"hole","Old.Female",34.6938775510204,"none",0.120253986332574,"019_FO","KNOW",1042.76736513434,22.78045782944
"hope","Young.Female",34.6938775510204,"none",0.120253986332574,"019_FO","KNOW",1613.00550438121,30.6833110493909
"hole","Young.Female",34.6938775510204,"none",0.120253986332574,"019_FO","KNOW",1084.24357765811,35.2623460040785
"hope","Old.Male",34.6938775510204,"none",0.120253986332574,"019_FO","KNOW",1640.98352541226,30.8998645829738
"hole","Old.Male",34.6938775510204,"none",0.120253986332574,"019_FO","KNOW",1112.22159868917,35.418357401684
"hope","Young.Male",34.6938775510204,"none",0.120253986332574,"019_FO","KNOW",1602.11976654382,38.0939180304133
"hole","Young.Male",34.6938775510204,"none",0.120253986332574,"019_FO","KNOW",1073.35783982072,41.4897056696221
"hope","Old.Female",36.734693877551,"none",0.120253986332574,"019_FO","KNOW",1569.36205262994,14.0716039435693
"hole","Old.Female",36.734693877551,"none",0.120253986332574,"019_FO","KNOW",1029.21412801453,22.682733740782
"hope","Young.Female",36.734693877551,"none",0.120253986332574,"019_FO","KNOW",1613.03033061716,30.8626474500174
"hole","Young.Female",36.734693877551,"none",0.120253986332574,"019_FO","KNOW",1072.88240600175,35.5958307584371
"hope","Old.Male",36.734693877551,"none",0.120253986332574,"019_FO","KNOW",1640.91188485131,31.0668347844511
"hole","Old.Male",36.734693877551,"none",0.120253986332574,"019_FO","KNOW",1100.7639602359,35.742245835139
"hope","Young.Male",36.734693877551,"none",0.120253986332574,"019_FO","KNOW",1601.92108191798,38.4321944409789
"hole","Young.Male",36.734693877551,"none",0.120253986332574,"019_FO","KNOW",1061.77315730257,41.9450084725293
"hope","Old.Female",38.7755102040816,"none",0.120253986332574,"019_FO","KNOW",1567.21299828658,13.5902080110392
"hole","Old.Female",38.7755102040816,"none",0.120253986332574,"019_FO","KNOW",1015.699493229,22.7103745830083
"hope","Young.Female",38.7755102040816,"none",0.120253986332574,"019_FO","KNOW",1613.07334297944,31.1820976146843
"hole","Young.Female",38.7755102040816,"none",0.120253986332574,"019_FO","KNOW",1061.55983792186,36.0768920612775
"hope","Old.Male",38.7755102040816,"none",0.120253986332574,"019_FO","KNOW",1640.85843239932,31.3748452439739
"hole","Old.Male",38.7755102040816,"none",0.120253986332574,"019_FO","KNOW",1089.34492734174,36.2144791073568
"hope","Young.Male",38.7755102040816,"none",0.120253986332574,"019_FO","KNOW",1602.13986638673,38.9173023486405
"hole","Young.Male",38.7755102040816,"none",0.120253986332574,"019_FO","KNOW",1050.62636132915,42.5576266037596
"hope","Old.Female",40.8163265306122,"none",0.120253986332574,"019_FO","KNOW",1565.09398944401,13.2281193171782
"hole","Old.Female",40.8163265306122,"none",0.120253986332574,"019_FO","KNOW",1002.34646790116,22.820626911375
"hope","Young.Female",40.8163265306122,"none",0.120253986332574,"019_FO","KNOW",1613.14640232342,31.6373147467454
"hole","Young.Female",40.8163265306122,"none",0.120253986332574,"019_FO","KNOW",1050.39888078056,36.6733866152881
"hope","Old.Male",40.8163265306122,"none",0.120253986332574,"019_FO","KNOW",1640.83502855157,31.819707751598
"hole","Old.Male",40.8163265306122,"none",0.120253986332574,"019_FO","KNOW",1078.08750700871,36.8031119883712
"hope","Young.Male",40.8163265306122,"none",0.120253986332574,"019_FO","KNOW",1602.80923573722,39.5334542074572
"hole","Young.Male",40.8163265306122,"none",0.120253986332574,"019_FO","KNOW",1040.06171419437,43.2897598739545
"hope","Old.Female",42.8571428571429,"none",0.120253986332574,"019_FO","KNOW",1563.01688666498,12.9938404368367
"hole","Old.Female",42.8571428571429,"none",0.120253986332574,"019_FO","KNOW",989.272361174336,22.9983176015192
"hope","Young.Female",42.8571428571429,"none",0.120253986332574,"019_FO","KNOW",1613.26136944029,32.221946601117
"hole","Young.Female",42.8571428571429,"none",0.120253986332574,"019_FO","KNOW",1039.51684394964,37.3711766086339
"hope","Old.Male",42.8571428571429,"none",0.120253986332574,"019_FO","KNOW",1640.8535336471,32.3951972596295
"hole","Old.Male",42.8571428571429,"none",0.120253986332574,"019_FO","KNOW",1067.10900815645,37.4940868882332
"hope","Young.Male",42.8571428571429,"none",0.120253986332574,"019_FO","KNOW",1603.94575853315,40.2715537454594
"hole","Young.Male",42.8571428571429,"none",0.120253986332574,"019_FO","KNOW",1030.2012330425,44.1257917363553
"hope","Old.Female",44.8979591836735,"none",0.120253986332574,"019_FO","KNOW",1560.99355044223,12.891789924316
"hole","Old.Female",44.8979591836735,"none",0.120253986332574,"019_FO","KNOW",976.587080314234,23.2766229072075
"hope","Young.Female",44.8979591836735,"none",0.120253986332574,"019_FO","KNOW",1613.43010503793,32.9280992447821
"hole","Young.Female",44.8979591836735,"none",0.120253986332574,"019_FO","KNOW",1029.02363490993,38.1858593897922
"hope","Old.Male",44.8979591836735,"none",0.120253986332574,"019_FO","KNOW",1640.92580782204,33.0935094042185
"hole","Old.Male",44.8979591836735,"none",0.120253986332574,"019_FO","KNOW",1056.51933769404,38.3029562473423
"hope","Young.Male",44.8979591836735,"none",0.120253986332574,"019_FO","KNOW",1605.5445079097,41.1340572718862
"hole","Young.Male",44.8979591836735,"none",0.120253986332574,"019_FO","KNOW",1021.1380377817,45.0859450039708
"hope","Old.Female",46.9387755102041,"none",0.120253986332574,"019_FO","KNOW",1559.03584126379,12.9218323911165
"hole","Old.Female",46.9387755102041,"none",0.120253986332574,"019_FO","KNOW",964.400037906614,23.6708709628237
"hope","Young.Female",46.9387755102041,"none",0.120253986332574,"019_FO","KNOW",1613.6644698186,33.7468915604601
"hole","Young.Female",46.9387755102041,"none",0.120253986332574,"019_FO","KNOW",1019.02866646142,39.1215491841734
"hope","Old.Male",46.9387755102041,"none",0.120253986332574,"019_FO","KNOW",1641.06371119895,33.905812975132
"hole","Old.Male",46.9387755102041,"none",0.120253986332574,"019_FO","KNOW",1046.42790784177,39.2338164053574
"hope","Young.Male",46.9387755102041,"none",0.120253986332574,"019_FO","KNOW",1607.59912042637,42.1177103577016
"hole","Young.Male",46.9387755102041,"none",0.120253986332574,"019_FO","KNOW",1012.96331706919,46.1766209348159
"hope","Old.Female",48.9795918367347,"none",0.120253986332574,"019_FO","KNOW",1557.15561961774,13.0796059422002
"hole","Old.Female",48.9795918367347,"none",0.120253986332574,"019_FO","KNOW",952.820646537237,24.1610395329449
"hope","Young.Female",48.9795918367347,"none",0.120253986332574,"019_FO","KNOW",1613.9763244846,34.6690399014971
"hole","Young.Female",48.9795918367347,"none",0.120253986332574,"019_FO","KNOW",1009.64135140409,40.1611545563382
"hope","Old.Male",48.9795918367347,"none",0.120253986332574,"019_FO","KNOW",1641.2791039004,34.8228364730022
"hole","Old.Male",48.9795918367347,"none",0.120253986332574,"019_FO","KNOW",1036.94413081989,40.2695996990826
"hope","Young.Male",48.9795918367347,"none",0.120253986332574,"019_FO","KNOW",1610.10323264268,43.2100738297046
"hole","Young.Male",48.9795918367347,"none",0.120253986332574,"019_FO","KNOW",1005.76825956218,47.3788482200851
"hope","Old.Female",51.0204081632653,"none",0.120253986332574,"019_FO","KNOW",1555.36435183782,13.3577000857912
"hole","Old.Female",51.0204081632653,"none",0.120253986332574,"019_FO","KNOW",941.957248373325,24.7061625171632
"hope","Young.Female",51.0204081632653,"none",0.120253986332574,"019_FO","KNOW",1614.37713557706,35.6854516191963
"hole","Young.Female",51.0204081632653,"none",0.120253986332574,"019_FO","KNOW",1000.97003211257,41.275709161099
"hope","Old.Male",51.0204081632653,"none",0.120253986332574,"019_FO","KNOW",1641.58345188896,35.8354661822846
"hole","Old.Male",51.0204081632653,"none",0.120253986332574,"019_FO","KNOW",1028.17634842446,41.3813679414628
"hope","Young.Male",51.0204081632653,"none",0.120253986332574,"019_FO","KNOW",1613.04944870359,44.39361825722
"hole","Young.Male",51.0204081632653,"none",0.120253986332574,"019_FO","KNOW",999.642345239102,48.6592297523338
"hope","Old.Female",53.0612244897959,"none",0.120253986332574,"019_FO","KNOW",1553.66443870869,13.7488153664015
"hole","Old.Female",53.0612244897959,"none",0.120253986332574,"019_FO","KNOW",931.893565955705,25.3026885829016
"hope","Young.Female",53.0612244897959,"none",0.120253986332574,"019_FO","KNOW",1614.86930393077,36.7883142628585
"hole","Young.Female",53.0612244897959,"none",0.120253986332574,"019_FO","KNOW",993.098431177786,42.459311266262
"hope","Old.Male",53.0612244897959,"none",0.120253986332574,"019_FO","KNOW",1641.97915544717,36.9358392353531
"hole","Old.Male",53.0612244897959,"none",0.120253986332574,"019_FO","KNOW",1020.20828269419,42.5631672396201
"hope","Young.Male",53.0612244897959,"none",0.120253986332574,"019_FO","KNOW",1616.40662721956,45.6612539975682
"hole","Young.Male",53.0612244897959,"none",0.120253986332574,"019_FO","KNOW",994.635754466577,50.0117635473228
"hope","Old.Female",55.1020408163265,"none",0.120253986332574,"019_FO","KNOW",1552.04921546595,14.2463506148793
"hole","Old.Female",55.1020408163265,"none",0.120253986332574,"019_FO","KNOW",922.688702198806,25.9806545484911
"hope","Young.Female",55.1020408163265,"none",0.120253986332574,"019_FO","KNOW",1615.44616467416,37.9711114622308
"hole","Young.Female",55.1020408163265,"none",0.120253986332574,"019_FO","KNOW",986.085651407022,43.7262970760111
"hope","Old.Male",55.1020408163265,"none",0.120253986332574,"019_FO","KNOW",1642.45954917758,38.1173678590369
"hole","Old.Male",55.1020408163265,"none",0.120253986332574,"019_FO","KNOW",1013.09903591044,43.8292277841508
"hope","Young.Male",55.1020408163265,"none",0.120253986332574,"019_FO","KNOW",1620.11988126653,47.015157193508
"hole","Young.Male",55.1020408163265,"none",0.120253986332574,"019_FO","KNOW",990.759367999389,51.4545380252693
"hope","Old.Female",57.1428571428571,"none",0.120253986332574,"019_FO","KNOW",1550.51162319088,14.8426477738059
"hole","Old.Female",57.1428571428571,"none",0.120253986332574,"019_FO","KNOW",914.40068959852,26.7468358963634
"hope","Young.Female",57.1428571428571,"none",0.120253986332574,"019_FO","KNOW",1616.10065877453,39.2277653708782
"hole","Young.Female",57.1428571428571,"none",0.120253986332574,"019_FO","KNOW",979.989725182168,45.0773310782497
"hope","Old.Male",57.1428571428571,"none",0.120253986332574,"019_FO","KNOW",1643.01757352272,39.3738918578819
"hole","Old.Male",57.1428571428571,"none",0.120253986332574,"019_FO","KNOW",1006.90663993036,45.1801414842788
"hope","Young.Male",57.1428571428571,"none",0.120253986332574,"019_FO","KNOW",1624.13329150591,48.4518127325729
"hole","Young.Male",57.1428571428571,"none",0.120253986332574,"019_FO","KNOW",988.022357913547,52.9890890329345
"hope","Old.Female",59.1836734693878,"none",0.120253986332574,"019_FO","KNOW",1549.04460296477,15.5290512090367
"hole","Old.Female",59.1836734693878,"none",0.120253986332574,"019_FO","KNOW",907.087560650738,27.5776920390242
"hope","Young.Female",59.1836734693878,"none",0.120253986332574,"019_FO","KNOW",1616.82572719916,40.5524534170237
"hole","Young.Female",59.1836734693878,"none",0.120253986332574,"019_FO","KNOW",974.868684885121,46.4954838362334
"hope","Old.Male",59.1836734693878,"none",0.120253986332574,"019_FO","KNOW",1643.64616892514,40.6995010077645
"hole","Old.Male",59.1836734693878,"none",0.120253986332574,"019_FO","KNOW",1001.6891266111,46.5989436448274
"hope","Young.Male",59.1836734693878,"none",0.120253986332574,"019_FO","KNOW",1628.3909385991,49.9603836823688
"hole","Young.Male",59.1836734693878,"none",0.120253986332574,"019_FO","KNOW",986.433896285061,54.5957194192189
"hope","Old.Female",61.2244897959184,"none",0.120253986332574,"019_FO","KNOW",1547.6410958002,16.2961945558859
"hole","Old.Female",61.2244897959184,"none",0.120253986332574,"019_FO","KNOW",900.801985573047,28.4391768166917
"hope","Young.Female",61.2244897959184,"none",0.120253986332574,"019_FO","KNOW",1617.61431083809,41.93951542651
"hole","Young.Female",61.2244897959184,"none",0.120253986332574,"019_FO","KNOW",970.775200610932,47.957968492298
"hope","Old.Male",61.2244897959184,"none",0.120253986332574,"019_FO","KNOW",1644.33827575854,42.0884463372633
"hole","Old.Male",61.2244897959184,"none",0.120253986332574,"019_FO","KNOW",997.499165531382,48.0628217456869
"hope","Young.Male",61.2244897959184,"none",0.120253986332574,"019_FO","KNOW",1632.83665487297,51.5273542193454
"hole","Young.Male",61.2244897959184,"none",0.120253986332574,"019_FO","KNOW",985.997544645817,56.2474204801581
"hope","Old.Female",63.265306122449,"none",0.120253986332574,"019_FO","KNOW",1546.29404168165,17.1343532674001
"hole","Old.Female",63.265306122449,"none",0.120253986332574,"019_FO","KNOW",895.516399011397,29.3395601325684
"hope","Young.Female",63.265306122449,"none",0.120253986332574,"019_FO","KNOW",1618.45934942546,43.3834134483953
"hole","Young.Female",63.265306122449,"none",0.120253986332574,"019_FO","KNOW",967.681706755208,49.4673602408958
"hope","Old.Male",63.265306122449,"none",0.120253986332574,"019_FO","KNOW",1645.08683336669,43.5351029928249
"hole","Old.Male",63.265306122449,"none",0.120253986332574,"019_FO","KNOW",994.309190696442,49.5742704052072
"hope","Young.Male",63.265306122449,"none",0.120253986332574,"019_FO","KNOW",1637.41055683401,53.1498948405182
"hole","Young.Male",63.265306122449,"none",0.120253986332574,"019_FO","KNOW",986.632914163757,57.9477025409705
"hope","Old.Female",65.3061224489796,"none",0.120253986332574,"019_FO","KNOW",1544.99637980217,18.0337989024476
"hole","Old.Female",65.3061224489796,"none",0.120253986332574,"019_FO","KNOW",891.141470109809,30.3072683129998
"hope","Young.Female",65.3061224489796,"none",0.120253986332574,"019_FO","KNOW",1619.3537818056,44.8787341915521
"hole","Young.Female",65.3061224489796,"none",0.120253986332574,"019_FO","KNOW",965.498872113242,51.0384333182831
"hope","Old.Male",65.3061224489796,"none",0.120253986332574,"019_FO","KNOW",1645.88478030053,45.0339746248719
"hole","Old.Male",65.3061224489796,"none",0.120253986332574,"019_FO","KNOW",992.029870608175,51.1479615223939
"hope","Young.Male",65.3061224489796,"none",0.120253986332574,"019_FO","KNOW",1642.04990054278,54.8305604832103
"hole","Young.Male",65.3061224489796,"none",0.120253986332574,"019_FO","KNOW",988.19499085042,59.714992226954
"hope","Old.Female",67.3469387755102,"none",0.120253986332574,"019_FO","KNOW",1543.74104932516,18.9851225585659
"hole","Old.Female",67.3469387755102,"none",0.120253986332574,"019_FO","KNOW",887.586279179811,31.3418498430932
"hope","Young.Female",67.3469387755102,"none",0.120253986332574,"019_FO","KNOW",1620.29054679066,46.4202260516853
"hole","Young.Female",67.3469387755102,"none",0.120253986332574,"019_FO","KNOW",964.135776645305,52.6691137891301
"hope","Old.Male",67.3469387755102,"none",0.120253986332574,"019_FO","KNOW",1646.7250550813,46.5797315350541
"hole","Old.Male",67.3469387755102,"none",0.120253986332574,"019_FO","KNOW",990.570284935949,52.7817592000246
"hope","Young.Male",67.3469387755102,"none",0.120253986332574,"019_FO","KNOW",1646.69186846997,56.5652129062781
"hole","Young.Male",67.3469387755102,"none",0.120253986332574,"019_FO","KNOW",990.537098324614,61.5476087270893
"hope","Old.Female",69.3877551020408,"none",0.120253986332574,"019_FO","KNOW",1542.52098885666,19.9795183310941
"hole","Old.Female",69.3877551020408,"none",0.120253986332574,"019_FO","KNOW",884.759905975545,32.4134636113509
"hope","Young.Female",69.3877551020408,"none",0.120253986332574,"019_FO","KNOW",1621.26258263539,48.0028640904813
"hole","Young.Female",69.3877551020408,"none",0.120253986332574,"019_FO","KNOW",963.501499754281,54.3400540605229
"hope","Old.Male",69.3877551020408,"none",0.120253986332574,"019_FO","KNOW",1647.60059567285,48.1672762229426
"hole","Old.Male",69.3877551020408,"none",0.120253986332574,"019_FO","KNOW",989.839512791742,54.4562941870076
"hope","Young.Male",69.3877551020408,"none",0.120253986332574,"019_FO","KNOW",1651.27364252887,58.3428996986734
"hole","Young.Male",69.3877551020408,"none",0.120253986332574,"019_FO","KNOW",993.512559647755,63.42312204058
"hope","Old.Female",71.4285714285714,"none",0.120253986332574,"019_FO","KNOW",1541.32913615018,21.0090283809409
"hole","Old.Female",71.4285714285714,"none",0.120253986332574,"019_FO","KNOW",882.569940637272,33.4889750839772
"hope","Young.Female",71.4285714285714,"none",0.120253986332574,"019_FO","KNOW",1622.26282674575,49.6219359579535
"hole","Young.Female",71.4285714285714,"none",0.120253986332574,"019_FO","KNOW",963.503631232838,56.0299709892019
"hope","Old.Male",71.4285714285714,"none",0.120253986332574,"019_FO","KNOW",1648.50433922634,49.7918294213823
"hole","Old.Male",71.4285714285714,"none",0.120253986332574,"019_FO","KNOW",989.74514371343,56.1502699846246
"hope","Young.Male",71.4285714285714,"none",0.120253986332574,"019_FO","KNOW",1655.73442196041,60.1518749563319
"hole","Young.Male",71.4285714285714,"none",0.120253986332574,"019_FO","KNOW",996.975226447503,65.3165331957053
"hope","Old.Female",73.469387755102,"none",0.120253986332574,"019_FO","KNOW",1540.15842900348,22.0667594202456
"hole","Old.Female",73.469387755102,"none",0.120253986332574,"019_FO","KNOW",880.908603949622,34.5843789258433
"hope","Young.Female",73.469387755102,"none",0.120253986332574,"019_FO","KNOW",1623.28421660968,51.273143601768
"hole","Young.Female",73.469387755102,"none",0.120253986332574,"019_FO","KNOW",964.034391555829,57.7469983681142
"hope","Old.Male",73.469387755102,"none",0.120253986332574,"019_FO","KNOW",1649.42922334775,51.4490315904466
"hole","Old.Male",73.469387755102,"none",0.120253986332574,"019_FO","KNOW",990.179398293897,57.871749005017
"hope","Young.Male",73.469387755102,"none",0.120253986332574,"019_FO","KNOW",1660.03424096462,61.9928310428727
"hole","Young.Male",73.469387755102,"none",0.120253986332574,"019_FO","KNOW",1000.78441591077,67.2383285072694
"hope","Old.Female",75.5102040816327,"none",0.120253986332574,"019_FO","KNOW",1539.00182180567,23.1470868691807
"hole","Old.Female",75.5102040816327,"none",0.120253986332574,"019_FO","KNOW",879.659066167435,35.7291774787561
"hope","Young.Female",75.5102040816327,"none",0.120253986332574,"019_FO","KNOW",1624.31970632887,52.9527186849143
"hole","Young.Female",75.5102040816327,"none",0.120253986332574,"019_FO","KNOW",964.97695069063,59.5076014347381
"hope","Old.Male",75.5102040816327,"none",0.120253986332574,"019_FO","KNOW",1650.36820247673,53.1350577187723
"hole","Old.Male",75.5102040816327,"none",0.120253986332574,"019_FO","KNOW",991.025446838494,59.6371109766763
"hope","Young.Male",75.5102040816327,"none",0.120253986332574,"019_FO","KNOW",1664.14544181477,63.8707363607273
"hole","Young.Male",75.5102040816327,"none",0.120253986332574,"019_FO","KNOW",1004.80268617653,69.2093947063696
"hope","Old.Female",77.5510204081633,"none",0.120253986332574,"019_FO","KNOW",1537.85426805022,24.2464269233864
"hole","Old.Female",77.5510204081633,"none",0.120253986332574,"019_FO","KNOW",878.706379458719,36.9212994669574
"hope","Young.Female",77.5510204081633,"none",0.120253986332574,"019_FO","KNOW",1625.36424910958,54.6578009970517
"hole","Young.Female",77.5510204081633,"none",0.120253986332574,"019_FO","KNOW",966.216360518074,61.3095499993105
"hope","Old.Male",77.5510204081633,"none",0.120253986332574,"019_FO","KNOW",1651.31623016037,54.8469960802913
"hole","Old.Male",77.5510204081633,"none",0.120253986332574,"019_FO","KNOW",992.168341568866,61.4440856139681
"hope","Young.Male",77.5510204081633,"none",0.120253986332574,"019_FO","KNOW",1668.04252475391,65.7843151610188
"hole","Young.Male",77.5510204081633,"none",0.120253986332574,"019_FO","KNOW",1008.89463616241,71.2284446022268
"hope","Old.Female",79.5918367346939,"none",0.120253986332574,"019_FO","KNOW",1536.71460378674,25.3636785397825
"hole","Old.Female",79.5918367346939,"none",0.120253986332574,"019_FO","KNOW",877.939478547657,38.1295812176247
"hope","Young.Female",79.5918367346939,"none",0.120253986332574,"019_FO","KNOW",1626.41668071426,56.3866961812151
"hole","Young.Female",79.5918367346939,"none",0.120253986332574,"019_FO","KNOW",967.641555475169,63.1331609294372
"hope","Old.Male",79.5918367346939,"none",0.120253986332574,"019_FO","KNOW",1652.27214250193,56.5831070165025
"hole","Old.Male",79.5918367346939,"none",0.120253986332574,"019_FO","KNOW",993.497017262839,63.2729958442622
"hope","Young.Male",79.5918367346939,"none",0.120253986332574,"019_FO","KNOW",1671.70387258129,67.7267445542376
"hole","Young.Male",79.5918367346939,"none",0.120253986332574,"019_FO","KNOW",1012.9287473422,73.2733554583562
"hope","Old.Female",81.6326530612245,"none",0.120253986332574,"019_FO","KNOW",1535.58211122569,26.4987096867904
"hole","Old.Female",81.6326530612245,"none",0.120253986332574,"019_FO","KNOW",877.253244774875,39.3238937033918
"hope","Young.Female",81.6326530612245,"none",0.120253986332574,"019_FO","KNOW",1627.47628309008,58.1382543720429
"hole","Young.Female",81.6326530612245,"none",0.120253986332574,"019_FO","KNOW",969.147416639267,64.9592702258315
"hope","Old.Male",81.6326530612245,"none",0.120253986332574,"019_FO","KNOW",1653.23522180561,58.3422000078117
"hole","Old.Male",81.6326530612245,"none",0.120253986332574,"019_FO","KNOW",994.906355354801,65.1046887293863
"hope","Young.Male",81.6326530612245,"none",0.120253986332574,"019_FO","KNOW",1675.11197958835,69.6922482802022
"hole","Young.Male",81.6326530612245,"none",0.120253986332574,"019_FO","KNOW",1016.78311313754,75.3227619510791
"hope","Old.Female",83.6734693877551,"none",0.120253986332574,"019_FO","KNOW",1534.45607316748,27.6518207869735
"hole","Old.Female",83.6734693877551,"none",0.120253986332574,"019_FO","KNOW",876.583211875708,40.5270009356933
"hope","Young.Female",83.6734693877551,"none",0.120253986332574,"019_FO","KNOW",1628.54233895088,59.9116386984785
"hole","Young.Female",83.6734693877551,"none",0.120253986332574,"019_FO","KNOW",970.6694776591,66.8007330902022
"hope","Old.Male",83.6734693877551,"none",0.120253986332574,"019_FO","KNOW",1654.20475126215,60.1234019296851
"hole","Old.Male",83.6734693877551,"none",0.120253986332574,"019_FO","KNOW",996.331889970371,66.9519639956905
"hope","Young.Male",83.6734693877551,"none",0.120253986332574,"019_FO","KNOW",1678.2764297463,71.6889996126516
"hole","Young.Male",83.6734693877551,"none",0.120253986332574,"019_FO","KNOW",1020.40356845453,77.3944587561393
"hope","Old.Female",85.7142857142857,"none",0.120253986332574,"019_FO","KNOW",1533.3357724696,28.8234544420206
"hole","Old.Female",85.7142857142857,"none",0.120253986332574,"019_FO","KNOW",875.883133901742,41.7715714862415
"hope","Young.Female",85.7142857142857,"none",0.120253986332574,"019_FO","KNOW",1629.61413114669,61.7061889117282
"hole","Young.Female",85.7142857142857,"none",0.120253986332574,"019_FO","KNOW",972.16149257883,68.6766427612919
"hope","Old.Male",85.7142857142857,"none",0.120253986332574,"019_FO","KNOW",1655.18001425218,61.9260204720203
"hole","Old.Male",85.7142857142857,"none",0.120253986332574,"019_FO","KNOW",997.727375684325,68.833847333213
"hope","Young.Male",85.7142857142857,"none",0.120253986332574,"019_FO","KNOW",1681.2189484936,73.7287758067651
"hole","Young.Male",85.7142857142857,"none",0.120253986332574,"019_FO","KNOW",1023.76630992574,79.5144445537014
"hope","Old.Female",87.7551020408163,"none",0.120253986332574,"019_FO","KNOW",1532.22049148171,30.0139906954415
"hole","Old.Female",87.7551020408163,"none",0.120253986332574,"019_FO","KNOW",875.106850341384,43.0591097476178
"hope","Young.Female",87.7551020408163,"none",0.120253986332574,"019_FO","KNOW",1630.69094202015,63.5213163617155
"hole","Young.Female",87.7551020408163,"none",0.120253986332574,"019_FO","KNOW",973.577300879817,70.5873643566661
"hope","Old.Male",87.7551020408163,"none",0.120253986332574,"019_FO","KNOW",1656.16029364922,63.7494388802567
"hole","Old.Male",87.7551020408163,"none",0.120253986332574,"019_FO","KNOW",999.046652508885,70.7506805677904
"hope","Young.Male",87.7551020408163,"none",0.120253986332574,"019_FO","KNOW",1683.96131803171,75.8170153722074
"hole","Young.Male",87.7551020408163,"none",0.120253986332574,"019_FO","KNOW",1026.84767689138,81.6868034416019
"hope","Old.Female",89.7959183673469,"none",0.120253986332574,"019_FO","KNOW",1531.10951247693,31.2236081467344
"hole","Old.Female",89.7959183673469,"none",0.120253986332574,"019_FO","KNOW",874.208200606471,44.3627716915046
"hope","Young.Female",89.7959183673469,"none",0.120253986332574,"019_FO","KNOW",1631.77205383731,65.3564251731362
"hole","Young.Female",89.7959183673469,"none",0.120253986332574,"019_FO","KNOW",974.870741966848,72.5160097391851
"hope","Old.Male",89.7959183673469,"none",0.120253986332574,"019_FO","KNOW",1657.14487225017,65.593036935373
"hole","Old.Male",89.7959183673469,"none",0.120253986332574,"019_FO","KNOW",1000.2435603797,72.6855951224145
"hope","Young.Male",89.7959183673469,"none",0.120253986332574,"019_FO","KNOW",1686.52532048551,77.9531767119497
"hole","Young.Male",89.7959183673469,"none",0.120253986332574,"019_FO","KNOW",1029.62400861505,83.8953094551057
"hope","Old.Female",91.8367346938776,"none",0.120253986332574,"019_FO","KNOW",1530.00211783692,32.4521967509046
"hole","Old.Female",91.8367346938776,"none",0.120253986332574,"019_FO","KNOW",873.150925855574,45.6610237593176
"hope","Young.Female",91.8367346938776,"none",0.120253986332574,"019_FO","KNOW",1632.85674899962,67.2108556119281
"hole","Young.Female",91.8367346938776,"none",0.120253986332574,"019_FO","KNOW",976.005557018265,74.4488239416173
"hope","Old.Male",91.8367346938776,"none",0.120253986332574,"019_FO","KNOW",1658.1330329515,67.4561341484015
"hole","Old.Male",91.8367346938776,"none",0.120253986332574,"019_FO","KNOW",1001.28184097015,74.6248522679076
"hope","Young.Male",91.8367346938776,"none",0.120253986332574,"019_FO","KNOW",1688.93392010883,80.1380568964891
"hole","Young.Male",91.8367346938776,"none",0.120253986332574,"019_FO","KNOW",1032.08272812749,86.1276000648514
"hope","Old.Female",93.8775510204082,"none",0.120253986332574,"019_FO","KNOW",1528.89759053055,33.6993104739048
"hole","Old.Female",93.8775510204082,"none",0.120253986332574,"019_FO","KNOW",871.952323608517,46.9948644387878
"hope","Young.Female",93.8775510204082,"none",0.120253986332574,"019_FO","KNOW",1633.94431064077,69.0838458499057
"hole","Young.Female",93.8775510204082,"none",0.120253986332574,"019_FO","KNOW",976.999043718741,76.410422763598
"hope","Old.Male",93.8775510204082,"none",0.120253986332574,"019_FO","KNOW",1659.12405918809,69.3379513736882
"hole","Old.Male",93.8775510204082,"none",0.120253986332574,"019_FO","KNOW",1002.17879226606,76.592996151961
"hope","Young.Male",93.8775510204082,"none",0.120253986332574,"019_FO","KNOW",1691.21647502972,82.3863108055208
"hole","Young.Male",93.8775510204082,"none",0.120253986332574,"019_FO","KNOW",1034.27120810769,88.4169370776186
"hope","Old.Female",95.9183673469388,"none",0.120253986332574,"019_FO","KNOW",1527.79521372429,34.9641488164395
"hole","Old.Female",95.9183673469388,"none",0.120253986332574,"019_FO","KNOW",870.64771555236,48.4338511766175
"hope","Young.Female",95.9183673469388,"none",0.120253986332574,"019_FO","KNOW",1635.03402214093,70.9745079329619
"hole","Young.Female",95.9183673469388,"none",0.120253986332574,"019_FO","KNOW",977.886523969,78.4433895422399
"hope","Old.Male",95.9183673469388,"none",0.120253986332574,"019_FO","KNOW",1660.11723457603,71.2375864990979
"hole","Old.Male",95.9183673469388,"none",0.120253986332574,"019_FO","KNOW",1002.96973640411,78.6324947396004
"hope","Young.Male",95.9183673469388,"none",0.120253986332574,"019_FO","KNOW",1693.40449520759,84.7169808245565
"hole","Young.Male",95.9183673469388,"none",0.120253986332574,"019_FO","KNOW",1036.25699703566,90.8167071915813
"hope","Old.Female",97.9591836734694,"none",0.120253986332574,"019_FO","KNOW",1526.69427058477,36.2455616034978
"hole","Old.Female",97.9591836734694,"none",0.120253986332574,"019_FO","KNOW",869.272436956801,50.0351066426801
"hope","Young.Female",97.9591836734694,"none",0.120253986332574,"019_FO","KNOW",1636.12516688042,72.8818162147802
"hole","Young.Female",97.9591836734694,"none",0.120253986332574,"019_FO","KNOW",978.703333252448,80.5834103317505
"hope","Old.Male",97.9591836734694,"none",0.120253986332574,"019_FO","KNOW",1661.11184273154,73.1540025945926
"hole","Old.Male",97.9591836734694,"none",0.120253986332574,"019_FO","KNOW",1003.69000910357,80.7789338873439
"hope","Young.Male",97.9591836734694,"none",0.120253986332574,"019_FO","KNOW",1695.52949222346,87.1435415896499
"hole","Young.Male",97.9591836734694,"none",0.120253986332574,"019_FO","KNOW",1038.10765859549,93.3701949665533
"hope","Old.Female",100,"none",0.120253986332574,"019_FO","KNOW",1525.59404427862,37.5420717055237
"hole","Old.Female",100,"none",0.120253986332574,"019_FO","KNOW",867.861823091542,51.8241150124427
"hope","Young.Female",100,"none",0.120253986332574,"019_FO","KNOW",1637.21702823957,74.8046063013132
"hole","Young.Female",100,"none",0.120253986332574,"019_FO","KNOW",979.48480705249,82.8475358330371
"hope","Old.Male",100,"none",0.120253986332574,"019_FO","KNOW",1662.10716727082,75.0860265968759
"hole","Old.Male",100,"none",0.120253986332574,"019_FO","KNOW",1004.37494608374,83.0493098863245
"hope","Young.Male",100,"none",0.120253986332574,"019_FO","KNOW",1697.62297765832,89.6695137776404
"hole","Young.Male",100,"none",0.120253986332574,"019_FO","KNOW",1039.89075647124,96.0964558251377
